insert into PCLUB.cc_config_sms (CONFN_CODIGO, CONFV_DESCRIPCION, CONFV_VALOR, CONFV_GRUPO, CONFV_ESTADO, CONFV_OPCION)
values (1, 'p_siteobjid_1', '', 'FIDELIDAD', '1', '');

insert into PCLUB.cc_config_sms (CONFN_CODIGO, CONFV_DESCRIPCION, CONFV_VALOR, CONFV_GRUPO, CONFV_ESTADO, CONFV_OPCION)
values (2, 'p_account', '', 'FIDELIDAD', '1', '');

insert into PCLUB.cc_config_sms (CONFN_CODIGO, CONFV_DESCRIPCION, CONFV_VALOR, CONFV_GRUPO, CONFV_ESTADO, CONFV_OPCION)
values (3, 'p_tipo', 'PREPAGO', 'FIDELIDAD', '1', '');

insert into PCLUB.cc_config_sms (CONFN_CODIGO, CONFV_DESCRIPCION, CONFV_VALOR, CONFV_GRUPO, CONFV_ESTADO, CONFV_OPCION)
values (4, 'p_clase', 'VARIACIÓN - SERVICIOS', 'FIDELIDAD', '1', '');

insert into PCLUB.cc_config_sms (CONFN_CODIGO, CONFV_DESCRIPCION, CONFV_VALOR, CONFV_GRUPO, CONFV_ESTADO, CONFV_OPCION)
values (5, 'p_subclase', 'FIDELIDAD', 'FIDELIDAD', '1', '');

insert into PCLUB.cc_config_sms (CONFN_CODIGO, CONFV_DESCRIPCION, CONFV_VALOR, CONFV_GRUPO, CONFV_ESTADO, CONFV_OPCION)
values (6, 'p_metodo_contacto', 'Presencial', 'FIDELIDAD', '1', '');

insert into PCLUB.cc_config_sms (CONFN_CODIGO, CONFV_DESCRIPCION, CONFV_VALOR, CONFV_GRUPO, CONFV_ESTADO, CONFV_OPCION)
values (7, 'p_tipo_inter', 'Entrante', 'FIDELIDAD', '1', '');

insert into PCLUB.cc_config_sms (CONFN_CODIGO, CONFV_DESCRIPCION, CONFV_VALOR, CONFV_GRUPO, CONFV_ESTADO, CONFV_OPCION)
values (8, 'p_agente', 'USRFIDE', 'FIDELIDAD', '1', '');

insert into PCLUB.cc_config_sms (CONFN_CODIGO, CONFV_DESCRIPCION, CONFV_VALOR, CONFV_GRUPO, CONFV_ESTADO, CONFV_OPCION)
values (9, 'p_usr_proceso', 'USRFIDE', 'FIDELIDAD', '1', '');

insert into PCLUB.cc_config_sms (CONFN_CODIGO, CONFV_DESCRIPCION, CONFV_VALOR, CONFV_GRUPO, CONFV_ESTADO, CONFV_OPCION)
values (10, 'p_hecho_en_uno', '0', 'FIDELIDAD', '1', '');

insert into PCLUB.cc_config_sms (CONFN_CODIGO, CONFV_DESCRIPCION, CONFV_VALOR, CONFV_GRUPO, CONFV_ESTADO, CONFV_OPCION)
values (11, 'p_notas', '', 'FIDELIDAD', '1', '');

insert into PCLUB.cc_config_sms (CONFN_CODIGO, CONFV_DESCRIPCION, CONFV_VALOR, CONFV_GRUPO, CONFV_ESTADO, CONFV_OPCION)
values (12, 'p_flag_caso', '0', 'FIDELIDAD', '1', '');

insert into PCLUB.cc_config_sms (CONFN_CODIGO, CONFV_DESCRIPCION, CONFV_VALOR, CONFV_GRUPO, CONFV_ESTADO, CONFV_OPCION)
values (13, 'p_resultado', 'Ninguno', 'FIDELIDAD', '1', '');

insert into PCLUB.cc_config_sms (CONFN_CODIGO, CONFV_DESCRIPCION, CONFV_VALOR, CONFV_GRUPO, CONFV_ESTADO, CONFV_OPCION)
values (14, 'p_flag_reg', '1', 'FIDELIDAD', '1', '');

insert into PCLUB.cc_config_sms (CONFN_CODIGO, CONFV_DESCRIPCION, CONFV_VALOR, CONFV_GRUPO, CONFV_ESTADO, CONFV_OPCION)
values (15, 'MSG_SEG1', 'NO DEFINO 1', 'FIDELIDAD', '1', 'smsi_envio');

insert into PCLUB.cc_config_sms (CONFN_CODIGO, CONFV_DESCRIPCION, CONFV_VALOR, CONFV_GRUPO, CONFV_ESTADO, CONFV_OPCION)
values (16, 'MSG_SEG2', 'Felicitaciones se ha activado el beneficio 24% dscto al llamar a nros frec opción 1-1-1 y podras acceder a Multiplica Fidelidad. Restricciones www.claro.com.pe', 'FIDELIDAD', '1', 'smsi_envio');

insert into PCLUB.cc_config_sms (CONFN_CODIGO, CONFV_DESCRIPCION, CONFV_VALOR, CONFV_GRUPO, CONFV_ESTADO, CONFV_OPCION)
values (17, 'MSG_SEG3', 'NO DEFINO 3', 'FIDELIDAD', '1', 'smsi_envio');

insert into PCLUB.cc_config_sms (CONFN_CODIGO, CONFV_DESCRIPCION, CONFV_VALOR, CONFV_GRUPO, CONFV_ESTADO, CONFV_OPCION)
values (18, 'MSG_SEG4', 'NO DEFINO 4', 'FIDELIDAD', '1', 'smsi_envio');

insert into PCLUB.cc_config_sms (CONFN_CODIGO, CONFV_DESCRIPCION, CONFV_VALOR, CONFV_GRUPO, CONFV_ESTADO, CONFV_OPCION)
values (19, 'MSG_SEG5', 'NO DEFINO 5', 'FIDELIDAD', '1', 'smsi_envio');

insert into PCLUB.cc_config_sms (CONFN_CODIGO, CONFV_DESCRIPCION, CONFV_VALOR, CONFV_GRUPO, CONFV_ESTADO, CONFV_OPCION)
values (20, 'MSG_SEG6', 'Felicitaciones, se le ha activado el beneficio 24% dscto al llamar a numeros frecuentes opción 1-1-1. Mas informacion y restricciones www.claro.com.pe', 'FIDELIDAD', '1', 'smsi_envio');

insert into PCLUB.cc_config_sms (CONFN_CODIGO, CONFV_DESCRIPCION, CONFV_VALOR, CONFV_GRUPO, CONFV_ESTADO, CONFV_OPCION)
values (21, 'MSG_SEG7', 'NO DEFINO 7', 'FIDELIDAD', '1', 'smsi_envio');

insert into PCLUB.cc_config_sms (CONFN_CODIGO, CONFV_DESCRIPCION, CONFV_VALOR, CONFV_GRUPO, CONFV_ESTADO, CONFV_OPCION)
values (22, 'pivusuario ', 'USRFID', 'FIDELIDAD', '1', 'smsi_envio');

insert into PCLUB.cc_config_sms (CONFN_CODIGO, CONFV_DESCRIPCION, CONFV_VALOR, CONFV_GRUPO, CONFV_ESTADO, CONFV_OPCION)
values (23, 'pinremitente', '123', 'FIDELIDAD', '1', 'smsi_envio');

insert into PCLUB.cc_config_sms (CONFN_CODIGO, CONFV_DESCRIPCION, CONFV_VALOR, CONFV_GRUPO, CONFV_ESTADO, CONFV_OPCION)
values (24, 'pivarchivo', 'ARCHIVO DIRECTO', 'FIDELIDAD', '1', 'smsi_envio');

insert into PCLUB.cc_config_sms (CONFN_CODIGO, CONFV_DESCRIPCION, CONFV_VALOR, CONFV_GRUPO, CONFV_ESTADO, CONFV_OPCION)
values (25, 'pinvencimiento', '30', 'FIDELIDAD', '1', 'smsi_envio');

insert into PCLUB.cc_config_sms (CONFN_CODIGO, CONFV_DESCRIPCION, CONFV_VALOR, CONFV_GRUPO, CONFV_ESTADO, CONFV_OPCION)
values (26, 'pivcorreo ', 'ehuerta@claro.com.pe', 'FIDELIDAD', '1', 'smsi_envio');

insert into PCLUB.cc_config_sms (CONFN_CODIGO, CONFV_DESCRIPCION, CONFV_VALOR, CONFV_GRUPO, CONFV_ESTADO, CONFV_OPCION)
values (27, 'pinconfirmarrecepcion', '2', 'FIDELIDAD', '1', 'smsi_envio');

insert into PCLUB.cc_config_sms (CONFN_CODIGO, CONFV_DESCRIPCION, CONFV_VALOR, CONFV_GRUPO, CONFV_ESTADO, CONFV_OPCION)
values (28, 'pinestadoproceso', '4', 'FIDELIDAD', '1', 'smsi_envio');

insert into PCLUB.cc_config_sms (CONFN_CODIGO, CONFV_DESCRIPCION, CONFV_VALOR, CONFV_GRUPO, CONFV_ESTADO, CONFV_OPCION)
values (29, 'pinestadoenvio', '1', 'FIDELIDAD', '1', 'smsi_envio');

insert into PCLUB.cc_config_sms (CONFN_CODIGO, CONFV_DESCRIPCION, CONFV_VALOR, CONFV_GRUPO, CONFV_ESTADO, CONFV_OPCION)
values (30, 'pivarchivocliente', '', 'FIDELIDAD', '1', 'smsi_envio');

insert into PCLUB.cc_config_sms (CONFN_CODIGO, CONFV_DESCRIPCION, CONFV_VALOR, CONFV_GRUPO, CONFV_ESTADO, CONFV_OPCION)
values (31, 'pivdescripcion', '', 'FIDELIDAD', '1', 'smsi_envio');

insert into PCLUB.cc_config_sms (CONFN_CODIGO, CONFV_DESCRIPCION, CONFV_VALOR, CONFV_GRUPO, CONFV_ESTADO, CONFV_OPCION)
values (32, 'pivususol', '', 'FIDELIDAD', '1', 'smsi_envio');

--Tabla cc_beneficio_fidelidad
insert into PCLUB.cc_beneficio_fidelidad (BENEV_CODIGO, BENEV_DESCRIPCION)
values ('1', '3ER MINUTO GRATIS');

insert into PCLUB.cc_beneficio_fidelidad (BENEV_CODIGO, BENEV_DESCRIPCION)
values ('2', 'TARIFA NRO FRECUENTES OPC 1');

insert into PCLUB.cc_beneficio_fidelidad (BENEV_CODIGO, BENEV_DESCRIPCION)
values ('3', 'MULTIPLICA FIDELIDAD');

--Tabla cc_segmento_fidelidad
insert into PCLUB.cc_segmento_fidelidad (SEGMV_CODIGO, SEGMV_DESCRIPCION)
values ('0', 'SEGMENTO 0');

insert into PCLUB.cc_segmento_fidelidad (SEGMV_CODIGO, SEGMV_DESCRIPCION)
values ('1', 'SEGMENTO 1');

insert into PCLUB.cc_segmento_fidelidad (SEGMV_CODIGO, SEGMV_DESCRIPCION)
values ('2', 'SEGMENTO 2');

insert into PCLUB.cc_segmento_fidelidad (SEGMV_CODIGO, SEGMV_DESCRIPCION)
values ('3', 'SEGMENTO 3');

insert into PCLUB.cc_segmento_fidelidad (SEGMV_CODIGO, SEGMV_DESCRIPCION)
values ('4', 'SEGMENTO 4');

insert into PCLUB.cc_segmento_fidelidad (SEGMV_CODIGO, SEGMV_DESCRIPCION)
values ('5', 'SEGMENTO 5');

insert into PCLUB.cc_segmento_fidelidad (SEGMV_CODIGO, SEGMV_DESCRIPCION)
values ('6', 'SEGMENTO 6');

insert into PCLUB.cc_segmento_fidelidad (SEGMV_CODIGO, SEGMV_DESCRIPCION)
values ('7', 'SEGMENTO 7');

commit;

--Tabla cc_segmento_beneficio
insert into PCLUB.cc_segmento_beneficio (SEGMV_CODIGO, BENEV_CODIGO, SEBEC_ESTADO)
values ('1', '1', '1');

insert into PCLUB.cc_segmento_beneficio (SEGMV_CODIGO, BENEV_CODIGO, SEBEC_ESTADO)
values ('1', '2', '1');

insert into PCLUB.cc_segmento_beneficio (SEGMV_CODIGO, BENEV_CODIGO, SEBEC_ESTADO)
values ('1', '3', '1');

insert into PCLUB.cc_segmento_beneficio (SEGMV_CODIGO, BENEV_CODIGO, SEBEC_ESTADO)
values ('2', '2', '1');

insert into PCLUB.cc_segmento_beneficio (SEGMV_CODIGO, BENEV_CODIGO, SEBEC_ESTADO)
values ('2', '3', '1');

insert into PCLUB.cc_segmento_beneficio (SEGMV_CODIGO, BENEV_CODIGO, SEBEC_ESTADO)
values ('3', '1', '1');

insert into PCLUB.cc_segmento_beneficio (SEGMV_CODIGO, BENEV_CODIGO, SEBEC_ESTADO)
values ('3', '3', '1');

insert into PCLUB.cc_segmento_beneficio (SEGMV_CODIGO, BENEV_CODIGO, SEBEC_ESTADO)
values ('4', '1', '1');

insert into PCLUB.cc_segmento_beneficio (SEGMV_CODIGO, BENEV_CODIGO, SEBEC_ESTADO)
values ('4', '2', '1');

insert into PCLUB.cc_segmento_beneficio (SEGMV_CODIGO, BENEV_CODIGO, SEBEC_ESTADO)
values ('5', '3', '1');

insert into PCLUB.cc_segmento_beneficio (SEGMV_CODIGO, BENEV_CODIGO, SEBEC_ESTADO)
values ('6', '2', '1');

insert into PCLUB.cc_segmento_beneficio (SEGMV_CODIGO, BENEV_CODIGO, SEBEC_ESTADO)
values ('7', '1', '1');

commit;
