 /* sfyrt_paramsist */
insert into FIDELIDAD.sfyrt_paramsist (PRMSN_ID, PRMSV_DESC, PRMSV_VALOR)
values (1, 'RANGO_MAX_MES_PERIODO_REGISTRO_BUS', '3');

insert into FIDELIDAD.sfyrt_paramsist (PRMSN_ID, PRMSV_DESC, PRMSV_VALOR)
values (2, 'RANGO_MAX_MES_PERIODO_VIGENCIA_BUS', '3');

insert into FIDELIDAD.sfyrt_paramsist (PRMSN_ID, PRMSV_DESC, PRMSV_VALOR)
values (3, 'GRUPO_REGISTRO_PENDIENTE_LOTE_HFC', '5');

insert into FIDELIDAD.sfyrt_paramsist (PRMSN_ID, PRMSV_DESC, PRMSV_VALOR)
values (4, 'GRUPO_REGISTRO_VALIDO_LOTE_HFC', '6');

insert into FIDELIDAD.sfyrt_paramsist (PRMSN_ID, PRMSV_DESC, PRMSV_VALOR)
values (5, 'GRUPO_REGISTRO_INVALIDO_LOTE_HFC', '7');

insert into FIDELIDAD.sfyrt_paramsist (PRMSN_ID, PRMSV_DESC, PRMSV_VALOR)
values (6, 'ESTADO_LOTE_GENERADO', '1');

insert into FIDELIDAD.sfyrt_paramsist (PRMSN_ID, PRMSV_DESC, PRMSV_VALOR)
values (7, 'ESTADO_LOTE_ENPROCESO', '2');

insert into FIDELIDAD.sfyrt_paramsist (PRMSN_ID, PRMSV_DESC, PRMSV_VALOR)
values (8, 'ESTADO_DETALLE_LOTE_PENDIENTE', '8');

insert into FIDELIDAD.sfyrt_paramsist (PRMSN_ID, PRMSV_DESC, PRMSV_VALOR)
values (9, 'ESTADO_DETALLE_LOTE_EJECUCION_ALTA', '9');

insert into FIDELIDAD.sfyrt_paramsist (PRMSN_ID, PRMSV_DESC, PRMSV_VALOR)
values (10, 'ESTADO_DETALLE_LOTE_EJECUCION_BAJA', '10');

insert into FIDELIDAD.sfyrt_paramsist (PRMSN_ID, PRMSV_DESC, PRMSV_VALOR)
values (11, 'ESTADO_DETALLE_LOTE_ALTA_PROMO_OK', '11');

insert into FIDELIDAD.sfyrt_paramsist (PRMSN_ID, PRMSV_DESC, PRMSV_VALOR)
values (12, 'ESTADO_DETALLE_LOTE_BAJA_PROMO_OK', '12');

insert into FIDELIDAD.sfyrt_paramsist (PRMSN_ID, PRMSV_DESC, PRMSV_VALOR)
values (13, 'ESTADO_DETALLE_LOTE_ALTA_PROMO_ERR', '13');

insert into FIDELIDAD.sfyrt_paramsist (PRMSN_ID, PRMSV_DESC, PRMSV_VALOR)
values (14, 'ESTADO_DETALLE_LOTE_BAJA_PROMO_ERR', '14');

insert into FIDELIDAD.sfyrt_paramsist (PRMSN_ID, PRMSV_DESC, PRMSV_VALOR)
values (15, 'ESTADO_DETALLE_LOTE_ANULADO', '15');

insert into FIDELIDAD.sfyrt_paramsist (PRMSN_ID, PRMSV_DESC, PRMSV_VALOR)
values (16, 'ESTADO_LOTE_CERRADO', '3');

insert into FIDELIDAD.sfyrt_paramsist (PRMSN_ID, PRMSV_DESC, PRMSV_VALOR)
values (17, 'ESTADO_LOTE_ANULADO', '4');

insert into FIDELIDAD.sfyrt_paramsist (PRMSN_ID, PRMSV_DESC, PRMSV_VALOR)
values (18, 'ORIGEN_PROMOCION_PLAY_SGA', '16');

insert into FIDELIDAD.sfyrt_paramsist (PRMSN_ID, PRMSV_DESC, PRMSV_VALOR)
values (19, 'ORIGEN_PROMOCION_PLAY_BSCS', '17');

insert into FIDELIDAD.sfyrt_paramsist (PRMSN_ID, PRMSV_DESC, PRMSV_VALOR)
values (20, 'PROMOCION HFC - SISFYR', '01');

 /* sfyrt_conceptos */
 
insert into FIDELIDAD.sfyrt_conceptos (CPTON_ID, CPTOV_DESC, CPTOC_ORDDESC, CPTOC_ACTIVO, CPTON_IDGRUPO, CPTOV_USUREG, CPTOD_FECREG, CPTOV_USUMOD, CPTOD_FECMOD)
values (1, 'GRUPO DE ESTADOS DE DETALLE DE LOTE', '0', '1', null, 'USRFIDE', SYSDATE, 'USRFIDE', SYSDATE);

insert into FIDELIDAD.sfyrt_conceptos (CPTON_ID, CPTOV_DESC, CPTOC_ORDDESC, CPTOC_ACTIVO, CPTON_IDGRUPO, CPTOV_USUREG, CPTOD_FECREG, CPTOV_USUMOD, CPTOD_FECMOD)
values (2, 'ESTADOS DE DETALLE DE LOTE', '1', '1', 1, 'USRFIDE',SYSDATE, 'USRFIDE', SYSDATE);

insert into FIDELIDAD.sfyrt_conceptos (CPTON_ID, CPTOV_DESC, CPTOC_ORDDESC, CPTOC_ACTIVO, CPTON_IDGRUPO, CPTOV_USUREG, CPTOD_FECREG, CPTOV_USUMOD, CPTOD_FECMOD)
values (3, 'ESTADOS DE LOTE', '0', '1', null, 'USRFIDE',SYSDATE, 'USRFIDE', SYSDATE);

insert into FIDELIDAD.sfyrt_conceptos (CPTON_ID, CPTOV_DESC, CPTOC_ORDDESC, CPTOC_ACTIVO, CPTON_IDGRUPO, CPTOV_USUREG, CPTOD_FECREG, CPTOV_USUMOD, CPTOD_FECMOD)
values (4, 'TIPO DE PROMOCION', '0', '1', null, 'USRFIDE', SYSDATE, 'USRFIDE', SYSDATE);

insert into FIDELIDAD.sfyrt_conceptos (CPTON_ID, CPTOV_DESC, CPTOC_ORDDESC, CPTOC_ACTIVO, CPTON_IDGRUPO, CPTOV_USUREG, CPTOD_FECREG, CPTOV_USUMOD, CPTOD_FECMOD)
values (5, 'ORIGEN DE PROMOCION', '0', '1', null, 'USRFIDE',SYSDATE, 'USRFIDE', SYSDATE);

insert into FIDELIDAD.sfyrt_conceptos (CPTON_ID, CPTOV_DESC, CPTOC_ORDDESC, CPTOC_ACTIVO, CPTON_IDGRUPO, CPTOV_USUREG, CPTOD_FECREG, CPTOV_USUMOD, CPTOD_FECMOD)
values (6, 'VIGENCIA DE PROMOCION', '0', '1', null, 'USRFIDE', SYSDATE, 'USRFIDE', SYSDATE);

 /* sfyrt_tipos */

insert into FIDELIDAD.sfyrt_tipos (TIPON_ID, TIPOV_DESC, TIPOV_ABREV, TIPOV_VALOR, TIPON_ORDEN, TIPOC_ACTIVO, CPTON_ID, TIPON_IDGRUPO, TIPOV_USUREG, TIPOD_FECREG, TIPOV_USUMOD, TIPOD_FECMOD)
values (1, 'GENERADO', '', 'G', 1, '1', 3, null, 'USRFIDE', SYSDATE, '', null);

insert into FIDELIDAD.sfyrt_tipos (TIPON_ID, TIPOV_DESC, TIPOV_ABREV, TIPOV_VALOR, TIPON_ORDEN, TIPOC_ACTIVO, CPTON_ID, TIPON_IDGRUPO, TIPOV_USUREG, TIPOD_FECREG, TIPOV_USUMOD, TIPOD_FECMOD)
values (2, 'EN PROCESO', '', 'P', 2, '1', 3, null, 'USRFIDE', SYSDATE, '', null);

insert into FIDELIDAD.sfyrt_tipos (TIPON_ID, TIPOV_DESC, TIPOV_ABREV, TIPOV_VALOR, TIPON_ORDEN, TIPOC_ACTIVO, CPTON_ID, TIPON_IDGRUPO, TIPOV_USUREG, TIPOD_FECREG, TIPOV_USUMOD, TIPOD_FECMOD)
values (3, 'CERRADO', '', 'C', 3, '1', 3, null, 'USRFIDE', SYSDATE, '', null);

insert into FIDELIDAD.sfyrt_tipos (TIPON_ID, TIPOV_DESC, TIPOV_ABREV, TIPOV_VALOR, TIPON_ORDEN, TIPOC_ACTIVO, CPTON_ID, TIPON_IDGRUPO, TIPOV_USUREG, TIPOD_FECREG, TIPOV_USUMOD, TIPOD_FECMOD)
values (4, 'ANULADO', '', 'A', 4, '1', 3, null, 'USRFIDE', SYSDATE, '', null);

insert into FIDELIDAD.sfyrt_tipos (TIPON_ID, TIPOV_DESC, TIPOV_ABREV, TIPOV_VALOR, TIPON_ORDEN, TIPOC_ACTIVO, CPTON_ID, TIPON_IDGRUPO, TIPOV_USUREG, TIPOD_FECREG, TIPOV_USUMOD, TIPOD_FECMOD)
values (5, 'REGISTROS PENDIENTES', '', '', 1, '1', 1, null, 'USRFIDE', SYSDATE, '', null);

insert into FIDELIDAD.sfyrt_tipos (TIPON_ID, TIPOV_DESC, TIPOV_ABREV, TIPOV_VALOR, TIPON_ORDEN, TIPOC_ACTIVO, CPTON_ID, TIPON_IDGRUPO, TIPOV_USUREG, TIPOD_FECREG, TIPOV_USUMOD, TIPOD_FECMOD)
values (6, 'REGISTROS VALIDOS', '', '', 2, '1', 1, null, 'USRFIDE', SYSDATE, '', null);

insert into FIDELIDAD.sfyrt_tipos (TIPON_ID, TIPOV_DESC, TIPOV_ABREV, TIPOV_VALOR, TIPON_ORDEN, TIPOC_ACTIVO, CPTON_ID, TIPON_IDGRUPO, TIPOV_USUREG, TIPOD_FECREG, TIPOV_USUMOD, TIPOD_FECMOD)
values (7, 'REGISTROS INVALIDOS', '', '', 3, '1', 1, null, 'USRFIDE', SYSDATE, '', null);

insert into FIDELIDAD.sfyrt_tipos (TIPON_ID, TIPOV_DESC, TIPOV_ABREV, TIPOV_VALOR, TIPON_ORDEN, TIPOC_ACTIVO, CPTON_ID, TIPON_IDGRUPO, TIPOV_USUREG, TIPOD_FECREG, TIPOV_USUMOD, TIPOD_FECMOD)
values (8, 'PENDIENTE', '', '', 1, '1', 2, 5, 'USRFIDE', SYSDATE, '', null);

insert into FIDELIDAD.sfyrt_tipos (TIPON_ID, TIPOV_DESC, TIPOV_ABREV, TIPOV_VALOR, TIPON_ORDEN, TIPOC_ACTIVO, CPTON_ID, TIPON_IDGRUPO, TIPOV_USUREG, TIPOD_FECREG, TIPOV_USUMOD, TIPOD_FECMOD)
values (9, 'EN EJECUCION ALTA', '', '', 2, '1', 2, 5, 'USRFIDE', SYSDATE, '', null);

insert into FIDELIDAD.sfyrt_tipos (TIPON_ID, TIPOV_DESC, TIPOV_ABREV, TIPOV_VALOR, TIPON_ORDEN, TIPOC_ACTIVO, CPTON_ID, TIPON_IDGRUPO, TIPOV_USUREG, TIPOD_FECREG, TIPOV_USUMOD, TIPOD_FECMOD)
values (10, 'EN EJECUCION BAJA', '', '', 3, '1', 2, 5, 'USRFIDE', SYSDATE, '', null);

insert into FIDELIDAD.sfyrt_tipos (TIPON_ID, TIPOV_DESC, TIPOV_ABREV, TIPOV_VALOR, TIPON_ORDEN, TIPOC_ACTIVO, CPTON_ID, TIPON_IDGRUPO, TIPOV_USUREG, TIPOD_FECREG, TIPOV_USUMOD, TIPOD_FECMOD)
values (11, 'ALTA PROMOCION OK', '', '', 4, '1', 2, 6, 'USRFIDE', SYSDATE, '', null);

insert into FIDELIDAD.sfyrt_tipos (TIPON_ID, TIPOV_DESC, TIPOV_ABREV, TIPOV_VALOR, TIPON_ORDEN, TIPOC_ACTIVO, CPTON_ID, TIPON_IDGRUPO, TIPOV_USUREG, TIPOD_FECREG, TIPOV_USUMOD, TIPOD_FECMOD)
values (12, 'BAJA PROMOCION OK', '', '', 5, '1', 2, 6, 'USRFIDE', SYSDATE, '', null);

insert into FIDELIDAD.sfyrt_tipos (TIPON_ID, TIPOV_DESC, TIPOV_ABREV, TIPOV_VALOR, TIPON_ORDEN, TIPOC_ACTIVO, CPTON_ID, TIPON_IDGRUPO, TIPOV_USUREG, TIPOD_FECREG, TIPOV_USUMOD, TIPOD_FECMOD)
values (13, 'ALTA PROMOCION CON ERROR', '', '', 6, '1', 2, 7, 'USRFIDE', SYSDATE, '', null);

insert into FIDELIDAD.sfyrt_tipos (TIPON_ID, TIPOV_DESC, TIPOV_ABREV, TIPOV_VALOR, TIPON_ORDEN, TIPOC_ACTIVO, CPTON_ID, TIPON_IDGRUPO, TIPOV_USUREG, TIPOD_FECREG, TIPOV_USUMOD, TIPOD_FECMOD)
values (14, 'BAJA PROMOCION CON ERROR', '', '', 7, '1', 2, 7, 'USRFIDE', SYSDATE, '', null);

insert into FIDELIDAD.sfyrt_tipos (TIPON_ID, TIPOV_DESC, TIPOV_ABREV, TIPOV_VALOR, TIPON_ORDEN, TIPOC_ACTIVO, CPTON_ID, TIPON_IDGRUPO, TIPOV_USUREG, TIPOD_FECREG, TIPOV_USUMOD, TIPOD_FECMOD)
values (15, 'ANULADA', '', '', 8, '1', 2, 7, 'USRFIDE', SYSDATE, '', null);

insert into FIDELIDAD.sfyrt_tipos (TIPON_ID, TIPOV_DESC, TIPOV_ABREV, TIPOV_VALOR, TIPON_ORDEN, TIPOC_ACTIVO, CPTON_ID, TIPON_IDGRUPO, TIPOV_USUREG, TIPOD_FECREG, TIPOV_USUMOD, TIPOD_FECMOD)
values (16, '3 PLAY-SGA', '', '', 1, '1', 5, null, 'USRFIDE', SYSDATE, '', null);

insert into FIDELIDAD.sfyrt_tipos (TIPON_ID, TIPOV_DESC, TIPOV_ABREV, TIPOV_VALOR, TIPON_ORDEN, TIPOC_ACTIVO, CPTON_ID, TIPON_IDGRUPO, TIPOV_USUREG, TIPOD_FECREG, TIPOV_USUMOD, TIPOD_FECMOD)
values (17, '3 PLAY-BSCS', '', '', 2, '1', 5, null, 'USRFIDE', SYSDATE, '', null);

insert into FIDELIDAD.sfyrt_tipos (TIPON_ID, TIPOV_DESC, TIPOV_ABREV, TIPOV_VALOR, TIPON_ORDEN, TIPOC_ACTIVO, CPTON_ID, TIPON_IDGRUPO, TIPOV_USUREG, TIPOD_FECREG, TIPOV_USUMOD, TIPOD_FECMOD)
values (18, 'PROMOCION CANALES', 'PRO', '', 1, '1', 4, null, 'USRFIDE', SYSDATE, '', null);

insert into FIDELIDAD.sfyrt_tipos (TIPON_ID, TIPOV_DESC, TIPOV_ABREV, TIPOV_VALOR, TIPON_ORDEN, TIPOC_ACTIVO, CPTON_ID, TIPON_IDGRUPO, TIPOV_USUREG, TIPOD_FECREG, TIPOV_USUMOD, TIPOD_FECMOD)
values (19, '15 DIAS', '', '15', 1, '1', 6, null, 'USRFIDE', SYSDATE, '', null);

insert into FIDELIDAD.sfyrt_tipos (TIPON_ID, TIPOV_DESC, TIPOV_ABREV, TIPOV_VALOR, TIPON_ORDEN, TIPOC_ACTIVO, CPTON_ID, TIPON_IDGRUPO, TIPOV_USUREG, TIPOD_FECREG, TIPOV_USUMOD, TIPOD_FECMOD)
values (20, '30 DIAS', '', '30', 2, '1', 6, null, 'USRFIDE', SYSDATE, '', null);

insert into FIDELIDAD.sfyrt_tipos (TIPON_ID, TIPOV_DESC, TIPOV_ABREV, TIPOV_VALOR, TIPON_ORDEN, TIPOC_ACTIVO, CPTON_ID, TIPON_IDGRUPO, TIPOV_USUREG, TIPOD_FECREG, TIPOV_USUMOD, TIPOD_FECMOD)
values (21, '45 DIAS', '', '45', 3, '1', 6, null, 'USRFIDE', SYSDATE, '', null);

insert into FIDELIDAD.sfyrt_tipos (TIPON_ID, TIPOV_DESC, TIPOV_ABREV, TIPOV_VALOR, TIPON_ORDEN, TIPOC_ACTIVO, CPTON_ID, TIPON_IDGRUPO, TIPOV_USUREG, TIPOD_FECREG, TIPOV_USUMOD, TIPOD_FECMOD)
values (22, '60 DIAS', '', '60', 4, '1', 6, null, 'USRFIDE', SYSDATE, '', null);

insert into FIDELIDAD.sfyrt_tipos (TIPON_ID, TIPOV_DESC, TIPOV_ABREV, TIPOV_VALOR, TIPON_ORDEN, TIPOC_ACTIVO, CPTON_ID, TIPON_IDGRUPO, TIPOV_USUREG, TIPOD_FECREG, TIPOV_USUMOD, TIPOD_FECMOD)
values (23, '75 DIAS', '', '75', 5, '1', 6, null, 'USRFIDE', SYSDATE, '', null);

insert into FIDELIDAD.sfyrt_tipos (TIPON_ID, TIPOV_DESC, TIPOV_ABREV, TIPOV_VALOR, TIPON_ORDEN, TIPOC_ACTIVO, CPTON_ID, TIPON_IDGRUPO, TIPOV_USUREG, TIPOD_FECREG, TIPOV_USUMOD, TIPOD_FECMOD)
values (24, '90 DIAS', '', '90', 6, '1', 6, null, 'USRFIDE', SYSDATE, '', null);

/* SFYRT_ERRORES */

insert into FIDELIDAD.SFYRT_ERRORES (SFYRN_COD_ERROR, SFYRV_DES_ERROR)
values (-1, 'Error Técnicos en BD');

insert into FIDELIDAD.SFYRT_ERRORES (SFYRN_COD_ERROR, SFYRV_DES_ERROR)
values (0, 'La transacción se realizó con éxito. ');

insert into FIDELIDAD.SFYRT_ERRORES (SFYRN_COD_ERROR, SFYRV_DES_ERROR)
values (1, 'Ocurrió un error en la transacción. ');

insert into FIDELIDAD.SFYRT_ERRORES (SFYRN_COD_ERROR, SFYRV_DES_ERROR)
values (2, 'Error en parámetro(s) de entrada. ');

insert into FIDELIDAD.SFYRT_ERRORES (SFYRN_COD_ERROR, SFYRV_DES_ERROR)
values (3, 'No se encontró el concepto. ');

insert into FIDELIDAD.SFYRT_ERRORES (SFYRN_COD_ERROR, SFYRV_DES_ERROR)
values (4, 'No se procesaron los datos. ');

insert into FIDELIDAD.SFYRT_ERRORES (SFYRN_COD_ERROR, SFYRV_DES_ERROR)
values (5, 'Inconsistencia de datos de filtro.');

insert into FIDELIDAD.SFYRT_ERRORES (SFYRN_COD_ERROR, SFYRV_DES_ERROR)
values (6, 'Error en generación de correlativo. ');

COMMIT;