 /* admpt_paramsist */
insert into PCLUB.admpt_paramsist (ADMPC_COD_PARAM, ADMPV_DESC, ADMPV_VALOR) values ('233', 'CANT_REG_COMMIT_PROC_MASIVO', '400');
insert into PCLUB.admpt_paramsist (ADMPC_COD_PARAM, ADMPV_DESC, ADMPV_VALOR) values ('234', 'CANT_REG_ENVIO_SMS', '100');
insert into PCLUB.admpt_paramsist (ADMPC_COD_PARAM, ADMPV_DESC, ADMPV_VALOR) values ('235', 'MONTO_REC_ACUM_AFILIA', '10');

/* admpt_mensaje */
insert into PCLUB.ADMPT_MENSAJE (ADMPN_COD_SMS, ADMPV_VALOR, ADMPV_DESCRIPCION, ADMPV_USER_REG, ADMPV_USER_MOD, ADMPD_FECHA_REG, ADMPD_FECHA_MOD, ADMPV_TIPO_MSJ, ADMPV_OBSERVACION)
values (36, 'MSJENTBONXCHIPREP', 'Recibiste 20 ClaroPuntos por recuperar tu numero! Canjealos por Minutos, SMS, MB y mucho mas.Averigua como canjear enclaro.com.pe/claroclub', 'USRBONO', '', SYSDATE, null, '1', 'Envio de SMS por la entrega de bono de puntos por chip de  reposicion');

insert into PCLUB.ADMPT_MENSAJE (ADMPN_COD_SMS, ADMPV_VALOR, ADMPV_DESCRIPCION, ADMPV_USER_REG, ADMPV_USER_MOD, ADMPD_FECHA_REG, ADMPD_FECHA_MOD, ADMPV_TIPO_MSJ, ADMPV_OBSERVACION)
values (37, 'MSJENTBONPLANFID6', 'FELICIDADES! Tu PREPAGO ha cumplido 6 meses! Te regalamos 500 CLAROPUNTOS para que RENUEVES TU EQUIPO. Valido hasta 28.10. Rest:claro.com.pe', 'USRBONO', '', SYSDATE, null, '1', 'Envio de SMS por la entrega de bono de puntos por chip de  reposicion');

insert into PCLUB.ADMPT_MENSAJE (ADMPN_COD_SMS, ADMPV_VALOR, ADMPV_DESCRIPCION, ADMPV_USER_REG, ADMPV_USER_MOD, ADMPD_FECHA_REG, ADMPD_FECHA_MOD, ADMPV_TIPO_MSJ, ADMPV_OBSERVACION)
values (38, 'MSJENTBONPLANFID12', 'FELICIDADES! Tu prepago ha cumplido 12 meses! Te regalamos 1000 CLAROPUNTOS para que RENUEVES TU EQUIPO. Valido hasta 28.10. Rest:claro.com.pe', 'USRBONO', '', SYSDATE, null, '1', 'Envio de SMS por la entrega de bono de puntos por chip de  reposicion');

insert into PCLUB.ADMPT_MENSAJE (ADMPN_COD_SMS, ADMPV_VALOR, ADMPV_DESCRIPCION, ADMPV_USER_REG, ADMPV_USER_MOD, ADMPD_FECHA_REG, ADMPD_FECHA_MOD, ADMPV_TIPO_MSJ, ADMPV_OBSERVACION)
values (39, 'MSJAFILIACIONCC', 'Por tus recargas del mes te damos la bienvenida a ClaroClub, ahora acumularas ClaroPuntos y podras canjearlos por muchos beneficios.Info:claro.com.pe/claroclub', 'USRAFILIAPREP', '', SYSDATE, null, '1', 'Envio de SMS registro a ClaroClub por las recargas');

insert into PCLUB.ADMPT_MENSAJE (ADMPN_COD_SMS, ADMPV_VALOR, ADMPV_DESCRIPCION, ADMPV_USER_REG, ADMPV_USER_MOD, ADMPD_FECHA_REG, ADMPD_FECHA_MOD, ADMPV_TIPO_MSJ, ADMPV_OBSERVACION)
values (41, 'MSJENTBONXCHIP15', 'FELICIDADES! Por la compra de tu chip prepago te regalamos 40 ClaroPuntos para que los canjees por lo que más quieras.Restric en www.claro.com.pe', 'USRBONO', '', SYSDATE, null, '1', 'Envio de SMS por la entrega de bono de puntos');

insert into PCLUB.ADMPT_MENSAJE (ADMPN_COD_SMS, ADMPV_VALOR, ADMPV_DESCRIPCION, ADMPV_USER_REG, ADMPV_USER_MOD, ADMPD_FECHA_REG, ADMPD_FECHA_MOD, ADMPV_TIPO_MSJ, ADMPV_OBSERVACION)
values (42, 'MSJENTBONXCHIP8', 'FELICIDADES! Por la compra de tu chip prepago te regalamos 20 ClaroPuntos para que los canjees por lo que más quieras.Restric en www.claro.com.pe', 'USRBONO', '', SYSDATE, null, '1', 'Envio de SMS por la entrega de bono de puntos');

insert into PCLUB.ADMPT_MENSAJE (ADMPN_COD_SMS, ADMPV_VALOR, ADMPV_DESCRIPCION, ADMPV_USER_REG, ADMPV_USER_MOD, ADMPD_FECHA_REG, ADMPD_FECHA_MOD, ADMPV_TIPO_MSJ, ADMPV_OBSERVACION)
values (43, 'MSJENTBONPACKPRE', 'FELICIDADES! Por la compra de tu pack Prepago te regalamos 60 ClaroPuntos para que los canjees por lo que más quieras.Restric: claro.com.pe', 'USRBONO', '', SYSDATE, null, '1', 'Envio de SMS por la entrega de bono de puntos');

/* admpt_grupo_tipprem */
insert into PCLUB.admpt_grupo_tipprem (ADMPN_GRUPO, ADMPV_DESCRIPCION) values (0, 'Todos');
insert into PCLUB.admpt_grupo_tipprem (ADMPN_GRUPO, ADMPV_DESCRIPCION) values (1, 'Servicios');
insert into PCLUB.admpt_grupo_tipprem (ADMPN_GRUPO, ADMPV_DESCRIPCION) values (2, 'Descuento de Equipo');

/* admpt_transac_x_cliente */
insert into PCLUB.admpt_transac_x_cliente (ADMPV_TRANSACCION, ADMPV_COD_TPOCL, ADMPD_FEC_REG, ADMPD_FEC_MOD, ADMPV_USU_REG, ADMPV_USU_MOD)
values ('TRANSACCION_CONSULTA_BONO', '3', SYSDATE, null, '', '');

/* admpt_errores_cc */
insert into PCLUB.admpt_errores_cc (ADMPN_COD_ERROR, ADMPV_DES_ERROR)
values (50, 'Error de configuración de parámetro.');

/* admpt_concepto */
insert into PCLUB.ADMPT_CONCEPTO (ADMPV_COD_CPTO, ADMPV_DESC, ADMPC_ESTADO, ADMPV_NOM_ARCH, ADMPN_PER_CADU, ADMPC_TPO_PUNTO, ADMPV_TPO_CPTO, ADMPC_TPO_OPER, ADMPC_PROC)
values ('94', 'BONO CHIP 8', 'A', '', null, 'B', '', 'E', '1');

insert into PCLUB.ADMPT_CONCEPTO (ADMPV_COD_CPTO, ADMPV_DESC, ADMPC_ESTADO, ADMPV_NOM_ARCH, ADMPN_PER_CADU, ADMPC_TPO_PUNTO, ADMPV_TPO_CPTO, ADMPC_TPO_OPER, ADMPC_PROC)
values ('95', 'BONO DE FIDELIDAD 6 MESES', 'A', '', null, 'B', '', 'E', '1');

insert into PCLUB.ADMPT_CONCEPTO (ADMPV_COD_CPTO, ADMPV_DESC, ADMPC_ESTADO, ADMPV_NOM_ARCH, ADMPN_PER_CADU, ADMPC_TPO_PUNTO, ADMPV_TPO_CPTO, ADMPC_TPO_OPER, ADMPC_PROC)
values ('96', 'BONO DE FIDELIDAD 12 MESES', 'A', '', null, 'B', '', 'E', '1');

insert into PCLUB.ADMPT_CONCEPTO (ADMPV_COD_CPTO, ADMPV_DESC, ADMPC_ESTADO, ADMPV_NOM_ARCH, ADMPN_PER_CADU, ADMPC_TPO_PUNTO, ADMPV_TPO_CPTO, ADMPC_TPO_OPER, ADMPC_PROC)
values ('97', 'BONO DE CHIP RESPUESTO PREPAGO', 'A', '', null, 'B', '', 'E', '1');

insert into PCLUB.ADMPT_CONCEPTO (ADMPV_COD_CPTO, ADMPV_DESC, ADMPC_ESTADO, ADMPV_NOM_ARCH, ADMPN_PER_CADU, ADMPC_TPO_PUNTO, ADMPV_TPO_CPTO, ADMPC_TPO_OPER, ADMPC_PROC)
values ('98', 'BONO DE ANIVERSARIO PREPAGO', 'A', '', null, 'B', '', 'E', '1');

insert into PCLUB.ADMPT_CONCEPTO (ADMPV_COD_CPTO, ADMPV_DESC, ADMPC_ESTADO, ADMPV_NOM_ARCH, ADMPN_PER_CADU, ADMPC_TPO_PUNTO, ADMPV_TPO_CPTO, ADMPC_TPO_OPER, ADMPC_PROC)
values ('100', 'BAJA CLIENTE CAMBIO TITULARIDAD - BONO', 'A', '', null, 'B', '', 'E', '1');

insert into PCLUB.ADMPT_CONCEPTO (ADMPV_COD_CPTO, ADMPV_DESC, ADMPC_ESTADO, ADMPV_NOM_ARCH, ADMPN_PER_CADU, ADMPC_TPO_PUNTO, ADMPV_TPO_CPTO, ADMPC_TPO_OPER, ADMPC_PROC)
values ('101', 'BONO CHIP 15', 'A', '', null, 'B', '', 'E', '1');

insert into PCLUB.ADMPT_CONCEPTO (ADMPV_COD_CPTO, ADMPV_DESC, ADMPC_ESTADO, ADMPV_NOM_ARCH, ADMPN_PER_CADU, ADMPC_TPO_PUNTO, ADMPV_TPO_CPTO, ADMPC_TPO_OPER, ADMPC_PROC)
values ('102', 'BONO PACK PREPAGO', 'A', '', null, 'B', '', 'E', '1');

insert into PCLUB.ADMPT_CONCEPTO (ADMPV_COD_CPTO, ADMPV_DESC, ADMPC_ESTADO, ADMPV_NOM_ARCH, ADMPN_PER_CADU, ADMPC_TPO_PUNTO, ADMPV_TPO_CPTO, ADMPC_TPO_OPER, ADMPC_PROC)
values ('103', 'VENCIMIENTO DE PUNTO BONO PREPAGO', 'A', '', null, 'B', '', 'S', '1');

/* admpt_bono */
insert into PCLUB.ADMPT_BONO (ADMPV_BONO, ADMPN_ID_BONO_PRE, ADMPV_MENSAJE, ADMPC_ESTADO, ADMPD_FEC_REG, ADMPV_USU_REG, ADMPD_FEC_MOD, ADMPV_USU_MOD, ADMPV_DESCBONO)
values ('BONPACKPREPAGO', 44, 'MSJENTBONPACKPRE', 'A', null, '', null, '', 'Bono Pack Prepago');

insert into PCLUB.ADMPT_BONO (ADMPV_BONO, ADMPN_ID_BONO_PRE, ADMPV_MENSAJE, ADMPC_ESTADO, ADMPD_FEC_REG, ADMPV_USU_REG, ADMPD_FEC_MOD, ADMPV_USU_MOD, ADMPV_DESCBONO)
values ('BONCHIP8', 46, 'MSJENTBONXCHIP8', 'A', null, '', null, '', 'Bono Chip 8 Soles');

insert into PCLUB.ADMPT_BONO (ADMPV_BONO, ADMPN_ID_BONO_PRE, ADMPV_MENSAJE, ADMPC_ESTADO, ADMPD_FEC_REG, ADMPV_USU_REG, ADMPD_FEC_MOD, ADMPV_USU_MOD, ADMPV_DESCBONO)
values ('BONCHIP15', 45, 'MSJENTBONXCHIP15', 'A', null, '', null, '', 'Bono Chip 15 Soles');

insert into PCLUB.ADMPT_BONO (ADMPV_BONO, ADMPN_ID_BONO_PRE, ADMPV_MENSAJE, ADMPC_ESTADO, ADMPD_FEC_REG, ADMPV_USU_REG, ADMPD_FEC_MOD, ADMPV_USU_MOD, ADMPV_DESCBONO)
values ('BONFID7M', null, 'MSJENTBONPLANFID6', 'A', null, '', null, '', 'Bono Fidelidad 6 Meses');

insert into PCLUB.ADMPT_BONO (ADMPV_BONO, ADMPN_ID_BONO_PRE, ADMPV_MENSAJE, ADMPC_ESTADO, ADMPD_FEC_REG, ADMPV_USU_REG, ADMPD_FEC_MOD, ADMPV_USU_MOD, ADMPV_DESCBONO)
values ('BONFID13M', null, 'MSJENTBONPLANFID12', 'A', null, '', null, '', 'Bono Fidelidad 12 Meses');

insert into PCLUB.ADMPT_BONO (ADMPV_BONO, ADMPN_ID_BONO_PRE, ADMPV_MENSAJE, ADMPC_ESTADO, ADMPD_FEC_REG, ADMPV_USU_REG, ADMPD_FEC_MOD, ADMPV_USU_MOD, ADMPV_DESCBONO)
values ('BONCHIPRESPUESTO', 71, 'MSJENTBONXCHIPREP', 'A', null, '', null, '', 'Bono Chip Repuesto');

/* admpt_bono_config */
insert into PCLUB.ADMPT_BONO_CONFIG (ADMPV_BONO, ADMPV_COD_TPOPR, ADMPN_PUNTOS, ADMPN_DIASVIGEN, ADMPV_COD_CPTO, ADMPC_ESTADO, ADMPD_FEC_REG, ADMPV_USU_REG, ADMPD_FEC_MOD, ADMPV_USU_MOD)
values ('BONPACKPREPAGO', '0', 60, 30, '102', 'A', SYSDATE, '', null, '');

insert into PCLUB.ADMPT_BONO_CONFIG (ADMPV_BONO, ADMPV_COD_TPOPR, ADMPN_PUNTOS, ADMPN_DIASVIGEN, ADMPV_COD_CPTO, ADMPC_ESTADO, ADMPD_FEC_REG, ADMPV_USU_REG, ADMPD_FEC_MOD, ADMPV_USU_MOD)
values ('BONCHIP8', '0', 20, 30, '94', 'A', SYSDATE, '', null, '');

insert into PCLUB.ADMPT_BONO_CONFIG (ADMPV_BONO, ADMPV_COD_TPOPR, ADMPN_PUNTOS, ADMPN_DIASVIGEN, ADMPV_COD_CPTO, ADMPC_ESTADO, ADMPD_FEC_REG, ADMPV_USU_REG, ADMPD_FEC_MOD, ADMPV_USU_MOD)
values ('BONCHIP15', '0', 40, 30, '101', 'A', SYSDATE, '', null, '');

insert into PCLUB.ADMPT_BONO_CONFIG (ADMPV_BONO, ADMPV_COD_TPOPR, ADMPN_PUNTOS, ADMPN_DIASVIGEN, ADMPV_COD_CPTO, ADMPC_ESTADO, ADMPD_FEC_REG, ADMPV_USU_REG, ADMPD_FEC_MOD, ADMPV_USU_MOD)
values ('BONFID7M', '1', 40, 25, '95', 'A', SYSDATE, '', null, '');

insert into PCLUB.ADMPT_BONO_CONFIG (ADMPV_BONO, ADMPV_COD_TPOPR, ADMPN_PUNTOS, ADMPN_DIASVIGEN, ADMPV_COD_CPTO, ADMPC_ESTADO, ADMPD_FEC_REG, ADMPV_USU_REG, ADMPD_FEC_MOD, ADMPV_USU_MOD)
values ('BONFID13M', '2', 1000, 25, '96', 'A', SYSDATE, '', null, '');

insert into PCLUB.ADMPT_BONO_CONFIG (ADMPV_BONO, ADMPV_COD_TPOPR, ADMPN_PUNTOS, ADMPN_DIASVIGEN, ADMPV_COD_CPTO, ADMPC_ESTADO, ADMPD_FEC_REG, ADMPV_USU_REG, ADMPD_FEC_MOD, ADMPV_USU_MOD)
values ('BONCHIPRESPUESTO', '0', 20, 15, '97', 'A', SYSDATE, '', null, '');

insert into PCLUB.ADMPT_BONO_CONFIG (ADMPV_BONO, ADMPV_COD_TPOPR, ADMPN_PUNTOS, ADMPN_DIASVIGEN, ADMPV_COD_CPTO, ADMPC_ESTADO, ADMPD_FEC_REG, ADMPV_USU_REG, ADMPD_FEC_MOD, ADMPV_USU_MOD)
values ('BONFID7M', '2', 500, 25, '95', 'A', SYSDATE, '', null, '');

insert into PCLUB.ADMPT_BONO_CONFIG (ADMPV_BONO, ADMPV_COD_TPOPR, ADMPN_PUNTOS, ADMPN_DIASVIGEN, ADMPV_COD_CPTO, ADMPC_ESTADO, ADMPD_FEC_REG, ADMPV_USU_REG, ADMPD_FEC_MOD, ADMPV_USU_MOD)
values ('BONFID13M', '1', 60, 25, '96', 'A', SYSDATE, '', null, '');

update PCLUB.ADMPT_TIPO_PREMIO set ADMPN_GRUPO = '1' where ADMPV_COD_TPOPR = '24';
update PCLUB.ADMPT_TIPO_PREMIO set ADMPN_GRUPO = '1' where ADMPV_COD_TPOPR = '25';
update PCLUB.ADMPT_TIPO_PREMIO set ADMPN_GRUPO = '1' where ADMPV_COD_TPOPR = '27';
update PCLUB.ADMPT_TIPO_PREMIO set ADMPN_GRUPO = '2' where ADMPV_COD_TPOPR = '29';

COMMIT;