/*--tabla admpt_tipo_premio--*/
--Nuevos Tipos de Premios
insert into PCLUB.admpt_tipo_premio(admpv_cod_tpopr,admpv_desc,admpc_estado,admpn_orden) values ('24','Servicios SMS','A',0);
insert into PCLUB.admpt_tipo_premio(admpv_cod_tpopr,admpv_desc,admpc_estado,admpn_orden) values ('25','Servicios MIN','A',1);
insert into PCLUB.admpt_tipo_premio(admpv_cod_tpopr,admpv_desc,admpc_estado,admpn_orden) values ('26','Servicios Internet(GPRS)','A',2);
insert into PCLUB.admpt_tipo_premio(admpv_cod_tpopr,admpv_desc,admpc_estado,admpn_orden) values ('27','Servicios Recarga','A',3);
insert into PCLUB.admpt_tipo_premio(admpv_cod_tpopr,admpv_desc,admpc_estado,admpn_orden) values ('28','Descuento Equipos','A',4);
insert into PCLUB.admpt_tipo_premio(admpv_cod_tpopr,admpv_desc,admpc_estado,admpn_orden) values ('29','Descuento de Equipos por puntos flexibles','A',5);
insert into PCLUB.admpt_tipo_premio(admpv_cod_tpopr,admpv_desc,admpc_estado,admpn_orden) values ('30','Productos Claro','A',6);
insert into PCLUB.admpt_tipo_premio(admpv_cod_tpopr,admpv_desc,admpc_estado,admpn_orden) values ('31','Descuento Equipos Campañas','A',7);
insert into PCLUB.admpt_tipo_premio(admpv_cod_tpopr,admpv_desc,admpc_estado,admpn_orden) values ('32','Servicio Paquete Televisión','A',8);

--Pasar a inactivo los tipo de Premios anteriores
update PCLUB.admpt_tipo_premio set admpc_estado='B' where admpv_cod_tpopr='22';
update PCLUB.admpt_tipo_premio set admpc_estado='B' where admpv_cod_tpopr='1';
update PCLUB.admpt_tipo_premio set admpc_estado='B' where admpv_cod_tpopr='2';
update PCLUB.admpt_tipo_premio set admpc_estado='B' where admpv_cod_tpopr='3';
update PCLUB.admpt_tipo_premio set admpc_estado='B' where admpv_cod_tpopr='4';
update PCLUB.admpt_tipo_premio set admpc_estado='B' where admpv_cod_tpopr='5';
update PCLUB.admpt_tipo_premio set admpc_estado='B' where admpv_cod_tpopr='6';
update PCLUB.admpt_tipo_premio set admpc_estado='B' where admpv_cod_tpopr='7';
update PCLUB.admpt_tipo_premio set admpc_estado='B' where admpv_cod_tpopr='8';
update PCLUB.admpt_tipo_premio set admpc_estado='B' where admpv_cod_tpopr='20';
update PCLUB.admpt_tipo_premio set admpc_estado='B' where admpv_cod_tpopr='10';
update PCLUB.admpt_tipo_premio set admpc_estado='B' where admpv_cod_tpopr='11';
update PCLUB.admpt_tipo_premio set admpc_estado='B' where admpv_cod_tpopr='12';
update PCLUB.admpt_tipo_premio set admpc_estado='B' where admpv_cod_tpopr='14';
update PCLUB.admpt_tipo_premio set admpc_estado='B' where admpv_cod_tpopr='15';
update PCLUB.admpt_tipo_premio set admpc_estado='B' where admpv_cod_tpopr='16';
update PCLUB.admpt_tipo_premio set admpc_estado='B' where admpv_cod_tpopr='17';
update PCLUB.admpt_tipo_premio set admpc_estado='B' where admpv_cod_tpopr='18';
update PCLUB.admpt_tipo_premio set admpc_estado='B' where admpv_cod_tpopr='9';
update PCLUB.admpt_tipo_premio set admpc_estado='B' where admpv_cod_tpopr='13';
update PCLUB.admpt_tipo_premio set admpc_estado='B' where admpv_cod_tpopr='21';


/*--tabla admpt_premio --*/
--Nuevos Premios
insert into PCLUB.admpt_premio(admpv_id_procla,admpv_cod_tpopr,admpv_desc,admpn_puntos,admpn_pago,admpc_estado,admpn_cod_servc,admpn_mnt_recar,admpc_apl_punto,admpv_campana,admpv_clave,admpn_mntdcto,admpv_cod_paqdat,admpv_cod_servtv)values('U_DSCEQFLEX','29','DESCUENTO EQUIPO FLEXIBLE',2,0,'A',NULL,0,'T','ENE-13','',NULL,'','');
insert into PCLUB.admpt_premio(admpv_id_procla,admpv_cod_tpopr,admpv_desc,admpn_puntos,admpn_pago,admpc_estado,admpn_cod_servc,admpn_mnt_recar,admpc_apl_punto,admpv_campana,admpv_clave,admpn_mntdcto,admpv_cod_paqdat,admpv_cod_servtv)values('U_GRILLAPLUS01','32','Grilla Plus',90,0,'A',NULL,0,'T','ENE-13','',NULL,'','842;');
insert into PCLUB.admpt_premio(admpv_id_procla,admpv_cod_tpopr,admpv_desc,admpn_puntos,admpn_pago,admpc_estado,admpn_cod_servc,admpn_mnt_recar,admpc_apl_punto,admpv_campana,admpv_clave,admpn_mntdcto,admpv_cod_paqdat,admpv_cod_servtv)values('U_MECLA00711','30','MINI MOUSE',377,0,'A',NULL,0,'T','ENE-13','',NULL,'','');
insert into PCLUB.admpt_premio(admpv_id_procla,admpv_cod_tpopr,admpv_desc,admpn_puntos,admpn_pago,admpc_estado,admpn_cod_servc,admpn_mnt_recar,admpc_apl_punto,admpv_campana,admpv_clave,admpn_mntdcto,admpv_cod_paqdat,admpv_cod_servtv)values('U_MECLA00712','30','Multipuerto USB',385,0,'A',NULL,0,'T','ENE-13','',NULL,'','');
insert into PCLUB.admpt_premio(admpv_id_procla,admpv_cod_tpopr,admpv_desc,admpn_puntos,admpn_pago,admpc_estado,admpn_cod_servc,admpn_mnt_recar,admpc_apl_punto,admpv_campana,admpv_clave,admpn_mntdcto,admpv_cod_paqdat,admpv_cod_servtv)values('U_MECLA00713','30','Lapicero con Puntero Laser',260,0,'A',NULL,0,'T','ENE-13','',NULL,'','');
insert into PCLUB.admpt_premio(admpv_id_procla,admpv_cod_tpopr,admpv_desc,admpn_puntos,admpn_pago,admpc_estado,admpn_cod_servc,admpn_mnt_recar,admpc_apl_punto,admpv_campana,admpv_clave,admpn_mntdcto,admpv_cod_paqdat,admpv_cod_servtv)values('U_MECLA00800','30','Mochila de excursión ClaroClub',571,0,'A',NULL,0,'T','ENE-13','',NULL,'','');
insert into PCLUB.admpt_premio(admpv_id_procla,admpv_cod_tpopr,admpv_desc,admpn_puntos,admpn_pago,admpc_estado,admpn_cod_servc,admpn_mnt_recar,admpc_apl_punto,admpv_campana,admpv_clave,admpn_mntdcto,admpv_cod_paqdat,admpv_cod_servtv)values('U_MECLA00817','30','LONCHERA CLAROCLUB',270,0,'A',NULL,0,'T','ENE-13','',NULL,'','');
insert into PCLUB.admpt_premio(admpv_id_procla,admpv_cod_tpopr,admpv_desc,admpn_puntos,admpn_pago,admpc_estado,admpn_cod_servc,admpn_mnt_recar,admpc_apl_punto,admpv_campana,admpv_clave,admpn_mntdcto,admpv_cod_paqdat,admpv_cod_servtv)values('U_MECLA00822','30','MESA DE PLAYA 2012',440,0,'A',NULL,0,'T','ENE-13','',NULL,'','');
insert into PCLUB.admpt_premio(admpv_id_procla,admpv_cod_tpopr,admpv_desc,admpn_puntos,admpn_pago,admpc_estado,admpn_cod_servc,admpn_mnt_recar,admpc_apl_punto,admpv_campana,admpv_clave,admpn_mntdcto,admpv_cod_paqdat,admpv_cod_servtv)values('U_MECLA00847','30','MEMORIA USB 4GB CLAROCLUB',520,0,'A',NULL,0,'T','ENE-13','',NULL,'','');
insert into PCLUB.admpt_premio(admpv_id_procla,admpv_cod_tpopr,admpv_desc,admpn_puntos,admpn_pago,admpc_estado,admpn_cod_servc,admpn_mnt_recar,admpc_apl_punto,admpv_campana,admpv_clave,admpn_mntdcto,admpv_cod_paqdat,admpv_cod_servtv)values('U_MECLA00848','30','RELOJ PULSERA CLAROCLUB',200,0,'A',NULL,0,'T','ENE-13','',NULL,'','');
insert into PCLUB.admpt_premio(admpv_id_procla,admpv_cod_tpopr,admpv_desc,admpn_puntos,admpn_pago,admpc_estado,admpn_cod_servc,admpn_mnt_recar,admpc_apl_punto,admpv_campana,admpv_clave,admpn_mntdcto,admpv_cod_paqdat,admpv_cod_servtv)values('U_MECLA00849','30','MOCHILA CRUZADA PORTA LAPTOP CLAROCLUB',380,0,'A',NULL,0,'T','ENE-13','',NULL,'','');
insert into PCLUB.admpt_premio(admpv_id_procla,admpv_cod_tpopr,admpv_desc,admpn_puntos,admpn_pago,admpc_estado,admpn_cod_servc,admpn_mnt_recar,admpc_apl_punto,admpv_campana,admpv_clave,admpn_mntdcto,admpv_cod_paqdat,admpv_cod_servtv)values('U_MECLA00851','30','MULTIPUERTO USB CLAROCLUB',250,0,'A',NULL,0,'T','ENE-13','',NULL,'','');
insert into PCLUB.admpt_premio(admpv_id_procla,admpv_cod_tpopr,admpv_desc,admpn_puntos,admpn_pago,admpc_estado,admpn_cod_servc,admpn_mnt_recar,admpc_apl_punto,admpv_campana,admpv_clave,admpn_mntdcto,admpv_cod_paqdat,admpv_cod_servtv)values('U_MECLA00852','30','MOCHILA CLAROCLUB',250,0,'A',NULL,0,'T','ENE-13','',NULL,'','');
insert into PCLUB.admpt_premio(admpv_id_procla,admpv_cod_tpopr,admpv_desc,admpn_puntos,admpn_pago,admpc_estado,admpn_cod_servc,admpn_mnt_recar,admpc_apl_punto,admpv_campana,admpv_clave,admpn_mntdcto,admpv_cod_paqdat,admpv_cod_servtv)values('U_MECLA00866','30','Casaca Negra ClaroClub',450,0,'A',NULL,0,'T','ENE-13','',NULL,'','');
insert into PCLUB.admpt_premio(admpv_id_procla,admpv_cod_tpopr,admpv_desc,admpn_puntos,admpn_pago,admpc_estado,admpn_cod_servc,admpn_mnt_recar,admpc_apl_punto,admpv_campana,admpv_clave,admpn_mntdcto,admpv_cod_paqdat,admpv_cod_servtv)values('U_MECLA00867','30','Manta Polar ClaroClub',350,0,'A',NULL,0,'T','ENE-13','',NULL,'','');
insert into PCLUB.admpt_premio(admpv_id_procla,admpv_cod_tpopr,admpv_desc,admpn_puntos,admpn_pago,admpc_estado,admpn_cod_servc,admpn_mnt_recar,admpc_apl_punto,admpv_campana,admpv_clave,admpn_mntdcto,admpv_cod_paqdat,admpv_cod_servtv)values('U_MECLA00868','30','Mug ClaroClub',235,0,'A',NULL,0,'T','ENE-13','',NULL,'','');
insert into PCLUB.admpt_premio(admpv_id_procla,admpv_cod_tpopr,admpv_desc,admpn_puntos,admpn_pago,admpc_estado,admpn_cod_servc,admpn_mnt_recar,admpc_apl_punto,admpv_campana,admpv_clave,admpn_mntdcto,admpv_cod_paqdat,admpv_cod_servtv)values('U_MECLA00882','30','TAPASOL CLAROCLUB',200,0,'A',NULL,0,'T','ENE-13','',NULL,'','');
insert into PCLUB.admpt_premio(admpv_id_procla,admpv_cod_tpopr,admpv_desc,admpn_puntos,admpn_pago,admpc_estado,admpn_cod_servc,admpn_mnt_recar,admpc_apl_punto,admpv_campana,admpv_clave,admpn_mntdcto,admpv_cod_paqdat,admpv_cod_servtv)values('U_MECLA00884','30','SOMBRILLA CLAROCLUB',570,0,'A',NULL,0,'T','ENE-13','',NULL,'','');
insert into PCLUB.admpt_premio(admpv_id_procla,admpv_cod_tpopr,admpv_desc,admpn_puntos,admpn_pago,admpc_estado,admpn_cod_servc,admpn_mnt_recar,admpc_apl_punto,admpv_campana,admpv_clave,admpn_mntdcto,admpv_cod_paqdat,admpv_cod_servtv)values('U_MECLA00885','30','TOALLA MOCHILA CLAROCLUB',500,0,'A',NULL,0,'T','ENE-13','',NULL,'','');
insert into PCLUB.admpt_premio(admpv_id_procla,admpv_cod_tpopr,admpv_desc,admpn_puntos,admpn_pago,admpc_estado,admpn_cod_servc,admpn_mnt_recar,admpc_apl_punto,admpv_campana,admpv_clave,admpn_mntdcto,admpv_cod_paqdat,admpv_cod_servtv)values('U_MECLA00888','30','MINI MOUSE INALAMBRICO',450,0,'A',NULL,0,'T','ENE-13','',NULL,'','');
insert into PCLUB.admpt_premio(admpv_id_procla,admpv_cod_tpopr,admpv_desc,admpn_puntos,admpn_pago,admpc_estado,admpn_cod_servc,admpn_mnt_recar,admpc_apl_punto,admpv_campana,admpv_clave,admpn_mntdcto,admpv_cod_paqdat,admpv_cod_servtv)values('U_MECLA00894','30','MALETIN PORTALAPTOP CLAROCLUB',470,0,'A',NULL,0,'T','ENE-13','',NULL,'','');
insert into PCLUB.admpt_premio(admpv_id_procla,admpv_cod_tpopr,admpv_desc,admpn_puntos,admpn_pago,admpc_estado,admpn_cod_servc,admpn_mnt_recar,admpc_apl_punto,admpv_campana,admpv_clave,admpn_mntdcto,admpv_cod_paqdat,admpv_cod_servtv)values('U_MECLA00896','30','AUDIFONOS CLAROCLUB',330,0,'A',NULL,0,'T','ENE-13','',NULL,'','');
insert into PCLUB.admpt_premio(admpv_id_procla,admpv_cod_tpopr,admpv_desc,admpn_puntos,admpn_pago,admpc_estado,admpn_cod_servc,admpn_mnt_recar,admpc_apl_punto,admpv_campana,admpv_clave,admpn_mntdcto,admpv_cod_paqdat,admpv_cod_servtv)values('U_MECLA00905','30','MALETIN DEPORTIVO CLAROCLUB',570,0,'A',NULL,0,'T','ENE-13','',NULL,'','');
insert into PCLUB.admpt_premio(admpv_id_procla,admpv_cod_tpopr,admpv_desc,admpn_puntos,admpn_pago,admpc_estado,admpn_cod_servc,admpn_mnt_recar,admpc_apl_punto,admpv_campana,admpv_clave,admpn_mntdcto,admpv_cod_paqdat,admpv_cod_servtv)values('U_MINONNET10','25','PAQUETE MINUTOS ONNET: 10',40,0,'A',280,600,'T','ENE-13','MIN 10',NULL,'','');
insert into PCLUB.admpt_premio(admpv_id_procla,admpv_cod_tpopr,admpv_desc,admpn_puntos,admpn_pago,admpc_estado,admpn_cod_servc,admpn_mnt_recar,admpc_apl_punto,admpv_campana,admpv_clave,admpn_mntdcto,admpv_cod_paqdat,admpv_cod_servtv)values('U_MINONNET100','25','PAQUETE MINUTOS ONNET: 100',400,0,'A',285,6000,'T','ENE-13','MIN 100',NULL,'','');
insert into PCLUB.admpt_premio(admpv_id_procla,admpv_cod_tpopr,admpv_desc,admpn_puntos,admpn_pago,admpc_estado,admpn_cod_servc,admpn_mnt_recar,admpc_apl_punto,admpv_campana,admpv_clave,admpn_mntdcto,admpv_cod_paqdat,admpv_cod_servtv)values('U_MINONNET25','25','PAQUETE MINUTOS ONNET: 25',100,0,'A',281,1500,'T','ENE-13','MIN 25',NULL,'','');
insert into PCLUB.admpt_premio(admpv_id_procla,admpv_cod_tpopr,admpv_desc,admpn_puntos,admpn_pago,admpc_estado,admpn_cod_servc,admpn_mnt_recar,admpc_apl_punto,admpv_campana,admpv_clave,admpn_mntdcto,admpv_cod_paqdat,admpv_cod_servtv)values('U_MINONNET40','25','PAQUETE MINUTOS ONNET: 40',163,0,'A',282,2400,'T','ENE-13','MIN 40',NULL,'','');
insert into PCLUB.admpt_premio(admpv_id_procla,admpv_cod_tpopr,admpv_desc,admpn_puntos,admpn_pago,admpc_estado,admpn_cod_servc,admpn_mnt_recar,admpc_apl_punto,admpv_campana,admpv_clave,admpn_mntdcto,admpv_cod_paqdat,admpv_cod_servtv)values('U_MINONNET65','25','PAQUETE MINUTOS ONNET: 65',263,0,'A',283,3900,'T','ENE-13','MIN 65',NULL,'','');
insert into PCLUB.admpt_premio(admpv_id_procla,admpv_cod_tpopr,admpv_desc,admpn_puntos,admpn_pago,admpc_estado,admpn_cod_servc,admpn_mnt_recar,admpc_apl_punto,admpv_campana,admpv_clave,admpn_mntdcto,admpv_cod_paqdat,admpv_cod_servtv)values('U_MINONNET80','25','PAQUETE MINUTOS ONNET: 80',325,0,'A',284,4800,'T','ENE-13','MIN 80',NULL,'','');
insert into PCLUB.admpt_premio(admpv_id_procla,admpv_cod_tpopr,admpv_desc,admpn_puntos,admpn_pago,admpc_estado,admpn_cod_servc,admpn_mnt_recar,admpc_apl_punto,admpv_campana,admpv_clave,admpn_mntdcto,admpv_cod_paqdat,admpv_cod_servtv)values('U_PAQADU01','32','Paquete Adulto',240,0,'A',NULL,0,'T','ENE-13','HADULTO',NULL,'','840;PAQADU01HFC');
insert into PCLUB.admpt_premio(admpv_id_procla,admpv_cod_tpopr,admpv_desc,admpn_puntos,admpn_pago,admpc_estado,admpn_cod_servc,admpn_mnt_recar,admpc_apl_punto,admpv_campana,admpv_clave,admpn_mntdcto,admpv_cod_paqdat,admpv_cod_servtv)values('U_PAQHBO01','32','Paquete HBO',240,0,'A',NULL,0,'T','ENE-13','HBO',NULL,'','839;PAQHBO01HFC');
insert into PCLUB.admpt_premio(admpv_id_procla,admpv_cod_tpopr,admpv_desc,admpn_puntos,admpn_pago,admpc_estado,admpn_cod_servc,admpn_mnt_recar,admpc_apl_punto,admpv_campana,admpv_clave,admpn_mntdcto,admpv_cod_paqdat,admpv_cod_servtv)values('U_PAQHD01','32','Paquete HD',270,0,'A',NULL,0,'T','ENE-13','HHD',NULL,'','841;PAQHD01HFC');
insert into PCLUB.admpt_premio(admpv_id_procla,admpv_cod_tpopr,admpv_desc,admpn_puntos,admpn_pago,admpc_estado,admpn_cod_servc,admpn_mnt_recar,admpc_apl_punto,admpv_campana,admpv_clave,admpn_mntdcto,admpv_cod_paqdat,admpv_cod_servtv)values('U_PAQINT100MB','26','Paquete 100 MB',75,0,'A',NULL,0,'T','ENE-13','',NULL,'ICPCX30D100M;44-100011','');
insert into PCLUB.admpt_premio(admpv_id_procla,admpv_cod_tpopr,admpv_desc,admpn_puntos,admpn_pago,admpc_estado,admpn_cod_servc,admpn_mnt_recar,admpc_apl_punto,admpv_campana,admpv_clave,admpn_mntdcto,admpv_cod_paqdat,admpv_cod_servtv)values('U_PAQINT200MB','26','Paquete 200 MB',110,0,'A',NULL,0,'T','ENE-13','',NULL,'ICPCX30D200M;45-100012','');
insert into PCLUB.admpt_premio(admpv_id_procla,admpv_cod_tpopr,admpv_desc,admpn_puntos,admpn_pago,admpc_estado,admpn_cod_servc,admpn_mnt_recar,admpc_apl_punto,admpv_campana,admpv_clave,admpn_mntdcto,admpv_cod_paqdat,admpv_cod_servtv)values('U_PAQMOV01','32','Paquete Movie City',210,0,'A',NULL,0,'T','ENE-13','HMOVIE',NULL,'','838;PAQMOV01HFC');
insert into PCLUB.admpt_premio(admpv_id_procla,admpv_cod_tpopr,admpv_desc,admpn_puntos,admpn_pago,admpc_estado,admpn_cod_servc,admpn_mnt_recar,admpc_apl_punto,admpv_campana,admpv_clave,admpn_mntdcto,admpv_cod_paqdat,admpv_cod_servtv)values('U_RECSOL10','27','RECARGA S/.10',120,0,'A',286,10,'T','ENE-13','REC 10',NULL,'','');
insert into PCLUB.admpt_premio(admpv_id_procla,admpv_cod_tpopr,admpv_desc,admpn_puntos,admpn_pago,admpc_estado,admpn_cod_servc,admpn_mnt_recar,admpc_apl_punto,admpv_campana,admpv_clave,admpn_mntdcto,admpv_cod_paqdat,admpv_cod_servtv)values('U_RECSOL120','27','RECARGA S/.120',1390,0,'A',294,120,'T','ENE-13','REC 120',NULL,'','');
insert into PCLUB.admpt_premio(admpv_id_procla,admpv_cod_tpopr,admpv_desc,admpn_puntos,admpn_pago,admpc_estado,admpn_cod_servc,admpn_mnt_recar,admpc_apl_punto,admpv_campana,admpv_clave,admpn_mntdcto,admpv_cod_paqdat,admpv_cod_servtv)values('U_RECSOL20','27','RECARGA S/.20',240,0,'A',287,20,'T','ENE-13','REC 20',NULL,'','');
insert into PCLUB.admpt_premio(admpv_id_procla,admpv_cod_tpopr,admpv_desc,admpn_puntos,admpn_pago,admpc_estado,admpn_cod_servc,admpn_mnt_recar,admpc_apl_punto,admpv_campana,admpv_clave,admpn_mntdcto,admpv_cod_paqdat,admpv_cod_servtv)values('U_RECSOL30','27','RECARGA S/.30',350,0,'A',288,30,'T','ENE-13','REC 30',NULL,'','');
insert into PCLUB.admpt_premio(admpv_id_procla,admpv_cod_tpopr,admpv_desc,admpn_puntos,admpn_pago,admpc_estado,admpn_cod_servc,admpn_mnt_recar,admpc_apl_punto,admpv_campana,admpv_clave,admpn_mntdcto,admpv_cod_paqdat,admpv_cod_servtv)values('U_RECSOL40','27','RECARGA S/.40',470,0,'A',289,40,'T','ENE-13','REC 40',NULL,'','');
insert into PCLUB.admpt_premio(admpv_id_procla,admpv_cod_tpopr,admpv_desc,admpn_puntos,admpn_pago,admpc_estado,admpn_cod_servc,admpn_mnt_recar,admpc_apl_punto,admpv_campana,admpv_clave,admpn_mntdcto,admpv_cod_paqdat,admpv_cod_servtv)values('U_RECSOL60','27','RECARGA S/.60',700,0,'A',293,60,'T','ENE-13','REC 60',NULL,'','');
insert into PCLUB.admpt_premio(admpv_id_procla,admpv_cod_tpopr,admpv_desc,admpn_puntos,admpn_pago,admpc_estado,admpn_cod_servc,admpn_mnt_recar,admpc_apl_punto,admpv_campana,admpv_clave,admpn_mntdcto,admpv_cod_paqdat,admpv_cod_servtv)values('U_SMSCD10','24','PAQUETE SMS NACIONAL: 10',20,0,'A',271,10,'T','ENE-13','SMS 10',NULL,'','');
insert into PCLUB.admpt_premio(admpv_id_procla,admpv_cod_tpopr,admpv_desc,admpn_puntos,admpn_pago,admpc_estado,admpn_cod_servc,admpn_mnt_recar,admpc_apl_punto,admpv_campana,admpv_clave,admpn_mntdcto,admpv_cod_paqdat,admpv_cod_servtv)values('U_SMSCD100','24','PAQUETE SMS NACIONAL: 100',163,0,'A',274,100,'T','ENE-13','SMS 100',NULL,'','');
insert into PCLUB.admpt_premio(admpv_id_procla,admpv_cod_tpopr,admpv_desc,admpn_puntos,admpn_pago,admpc_estado,admpn_cod_servc,admpn_mnt_recar,admpc_apl_punto,admpv_campana,admpv_clave,admpn_mntdcto,admpv_cod_paqdat,admpv_cod_servtv)values('U_SMSCD1000','24','PAQUETE SMS NACIONAL: 1000',1613,0,'A',279,1000,'T','ENE-13','SMS 1000',NULL,'','');
insert into PCLUB.admpt_premio(admpv_id_procla,admpv_cod_tpopr,admpv_desc,admpn_puntos,admpn_pago,admpc_estado,admpn_cod_servc,admpn_mnt_recar,admpc_apl_punto,admpv_campana,admpv_clave,admpn_mntdcto,admpv_cod_paqdat,admpv_cod_servtv)values('U_SMSCD20','24','PAQUETE SMS NACIONAL: 20',38,0,'A',272,20,'T','ENE-13','SMS 20',NULL,'','');
insert into PCLUB.admpt_premio(admpv_id_procla,admpv_cod_tpopr,admpv_desc,admpn_puntos,admpn_pago,admpc_estado,admpn_cod_servc,admpn_mnt_recar,admpc_apl_punto,admpv_campana,admpv_clave,admpn_mntdcto,admpv_cod_paqdat,admpv_cod_servtv)values('U_SMSCD200','24','PAQUETE SMS NACIONAL: 200',325,0,'A',275,200,'T','ENE-13','SMS 200',NULL,'','');
insert into PCLUB.admpt_premio(admpv_id_procla,admpv_cod_tpopr,admpv_desc,admpn_puntos,admpn_pago,admpc_estado,admpn_cod_servc,admpn_mnt_recar,admpc_apl_punto,admpv_campana,admpv_clave,admpn_mntdcto,admpv_cod_paqdat,admpv_cod_servtv)values('U_SMSCD300','24','PAQUETE SMS NACIONAL: 300',488,0,'A',276,300,'T','ENE-13','SMS 300',NULL,'','');
insert into PCLUB.admpt_premio(admpv_id_procla,admpv_cod_tpopr,admpv_desc,admpn_puntos,admpn_pago,admpc_estado,admpn_cod_servc,admpn_mnt_recar,admpc_apl_punto,admpv_campana,admpv_clave,admpn_mntdcto,admpv_cod_paqdat,admpv_cod_servtv)values('U_SMSCD400','24','PAQUETE SMS NACIONAL: 400',650,0,'A',277,400,'T','ENE-13','SMS 400',NULL,'','');
insert into PCLUB.admpt_premio(admpv_id_procla,admpv_cod_tpopr,admpv_desc,admpn_puntos,admpn_pago,admpc_estado,admpn_cod_servc,admpn_mnt_recar,admpc_apl_punto,admpv_campana,admpv_clave,admpn_mntdcto,admpv_cod_paqdat,admpv_cod_servtv)values('U_SMSCD50','24','PAQUETE SMS NACIONAL: 50',88,0,'A',273,50,'T','ENE-13','SMS 50',NULL,'','');
insert into PCLUB.admpt_premio(admpv_id_procla,admpv_cod_tpopr,admpv_desc,admpn_puntos,admpn_pago,admpc_estado,admpn_cod_servc,admpn_mnt_recar,admpc_apl_punto,admpv_campana,admpv_clave,admpn_mntdcto,admpv_cod_paqdat,admpv_cod_servtv)values('U_SMSCD500','24','PAQUETE SMS NACIONAL: 500',813,0,'A',278,500,'T','ENE-13','SMS 500',NULL,'','');

--Pasar a Inactivo los premios anteriores
UPDATE PCLUB.ADMPT_PREMIO SET ADMPC_ESTADO='B' WHERE ADMPV_ID_PROCLA='DSCEQFLEX' AND ADMPC_ESTADO='A';
UPDATE PCLUB.ADMPT_PREMIO SET ADMPC_ESTADO='B' WHERE ADMPV_ID_PROCLA='GRILLAPLUS01DTH' AND ADMPC_ESTADO='A';
UPDATE PCLUB.ADMPT_PREMIO SET ADMPC_ESTADO='B' WHERE ADMPV_ID_PROCLA='MECLA00711' AND ADMPC_ESTADO='A';
UPDATE PCLUB.ADMPT_PREMIO SET ADMPC_ESTADO='B' WHERE ADMPV_ID_PROCLA='MECLA00712PRE' AND ADMPC_ESTADO='A';
UPDATE PCLUB.ADMPT_PREMIO SET ADMPC_ESTADO='B' WHERE ADMPV_ID_PROCLA='MECLA00713PRE' AND ADMPC_ESTADO='A';
UPDATE PCLUB.ADMPT_PREMIO SET ADMPC_ESTADO='B' WHERE ADMPV_ID_PROCLA='MECLA00800' AND ADMPC_ESTADO='A';
UPDATE PCLUB.ADMPT_PREMIO SET ADMPC_ESTADO='B' WHERE ADMPV_ID_PROCLA='MECLA00817' AND ADMPC_ESTADO='A';
UPDATE PCLUB.ADMPT_PREMIO SET ADMPC_ESTADO='B' WHERE ADMPV_ID_PROCLA='MECLA00822' AND ADMPC_ESTADO='A';
UPDATE PCLUB.ADMPT_PREMIO SET ADMPC_ESTADO='B' WHERE ADMPV_ID_PROCLA='MECLA00847' AND ADMPC_ESTADO='A';
UPDATE PCLUB.ADMPT_PREMIO SET ADMPC_ESTADO='B' WHERE ADMPV_ID_PROCLA='MECLA00848' AND ADMPC_ESTADO='A';
UPDATE PCLUB.ADMPT_PREMIO SET ADMPC_ESTADO='B' WHERE ADMPV_ID_PROCLA='MECLA00849' AND ADMPC_ESTADO='A';
UPDATE PCLUB.ADMPT_PREMIO SET ADMPC_ESTADO='B' WHERE ADMPV_ID_PROCLA='MECLA00851' AND ADMPC_ESTADO='A';
UPDATE PCLUB.ADMPT_PREMIO SET ADMPC_ESTADO='B' WHERE ADMPV_ID_PROCLA='MECLA00852' AND ADMPC_ESTADO='A';
UPDATE PCLUB.ADMPT_PREMIO SET ADMPC_ESTADO='B' WHERE ADMPV_ID_PROCLA='MECLA00866' AND ADMPC_ESTADO='A';
UPDATE PCLUB.ADMPT_PREMIO SET ADMPC_ESTADO='B' WHERE ADMPV_ID_PROCLA='MECLA00867' AND ADMPC_ESTADO='A';
UPDATE PCLUB.ADMPT_PREMIO SET ADMPC_ESTADO='B' WHERE ADMPV_ID_PROCLA='MECLA00868' AND ADMPC_ESTADO='A';
UPDATE PCLUB.ADMPT_PREMIO SET ADMPC_ESTADO='B' WHERE ADMPV_ID_PROCLA='MECLA00882' AND ADMPC_ESTADO='A';
UPDATE PCLUB.ADMPT_PREMIO SET ADMPC_ESTADO='B' WHERE ADMPV_ID_PROCLA='MECLA00884' AND ADMPC_ESTADO='A';
UPDATE PCLUB.ADMPT_PREMIO SET ADMPC_ESTADO='B' WHERE ADMPV_ID_PROCLA='MECLA00885' AND ADMPC_ESTADO='A';
UPDATE PCLUB.ADMPT_PREMIO SET ADMPC_ESTADO='B' WHERE ADMPV_ID_PROCLA='MECLA00888' AND ADMPC_ESTADO='A';
UPDATE PCLUB.ADMPT_PREMIO SET ADMPC_ESTADO='B' WHERE ADMPV_ID_PROCLA='MECLA00894' AND ADMPC_ESTADO='A';
UPDATE PCLUB.ADMPT_PREMIO SET ADMPC_ESTADO='B' WHERE ADMPV_ID_PROCLA='MECLA00896' AND ADMPC_ESTADO='A';
UPDATE PCLUB.ADMPT_PREMIO SET ADMPC_ESTADO='B' WHERE ADMPV_ID_PROCLA='MECLA00905' AND ADMPC_ESTADO='A';
UPDATE PCLUB.ADMPT_PREMIO SET ADMPC_ESTADO='B' WHERE ADMPV_ID_PROCLA='MINONNET10' AND ADMPC_ESTADO='A';
UPDATE PCLUB.ADMPT_PREMIO SET ADMPC_ESTADO='B' WHERE ADMPV_ID_PROCLA='MINONNET100' AND ADMPC_ESTADO='A';
UPDATE PCLUB.ADMPT_PREMIO SET ADMPC_ESTADO='B' WHERE ADMPV_ID_PROCLA='MINONNET25' AND ADMPC_ESTADO='A';
UPDATE PCLUB.ADMPT_PREMIO SET ADMPC_ESTADO='B' WHERE ADMPV_ID_PROCLA='MINONNET40' AND ADMPC_ESTADO='A';
UPDATE PCLUB.ADMPT_PREMIO SET ADMPC_ESTADO='B' WHERE ADMPV_ID_PROCLA='MINONNET65' AND ADMPC_ESTADO='A';
UPDATE PCLUB.ADMPT_PREMIO SET ADMPC_ESTADO='B' WHERE ADMPV_ID_PROCLA='MINONNET80' AND ADMPC_ESTADO='A';
UPDATE PCLUB.ADMPT_PREMIO SET ADMPC_ESTADO='B' WHERE ADMPV_ID_PROCLA='PAQADU01DTH' AND ADMPC_ESTADO='A';
UPDATE PCLUB.ADMPT_PREMIO SET ADMPC_ESTADO='B' WHERE ADMPV_ID_PROCLA='PAQHBO01DTH' AND ADMPC_ESTADO='A';
UPDATE PCLUB.ADMPT_PREMIO SET ADMPC_ESTADO='B' WHERE ADMPV_ID_PROCLA='PAQHD01DTH' AND ADMPC_ESTADO='A';
UPDATE PCLUB.ADMPT_PREMIO SET ADMPC_ESTADO='B' WHERE ADMPV_ID_PROCLA='PAQINT100MB' AND ADMPC_ESTADO='A';
UPDATE PCLUB.ADMPT_PREMIO SET ADMPC_ESTADO='B' WHERE ADMPV_ID_PROCLA='PAQINT200MB' AND ADMPC_ESTADO='A';
UPDATE PCLUB.ADMPT_PREMIO SET ADMPC_ESTADO='B' WHERE ADMPV_ID_PROCLA='PAQMOV01DTH' AND ADMPC_ESTADO='A';
UPDATE PCLUB.ADMPT_PREMIO SET ADMPC_ESTADO='B' WHERE ADMPV_ID_PROCLA='RECSOL10' AND ADMPC_ESTADO='A';
UPDATE PCLUB.ADMPT_PREMIO SET ADMPC_ESTADO='B' WHERE ADMPV_ID_PROCLA='RECSOL120' AND ADMPC_ESTADO='A';
UPDATE PCLUB.ADMPT_PREMIO SET ADMPC_ESTADO='B' WHERE ADMPV_ID_PROCLA='RECSOL20' AND ADMPC_ESTADO='A';
UPDATE PCLUB.ADMPT_PREMIO SET ADMPC_ESTADO='B' WHERE ADMPV_ID_PROCLA='RECSOL30' AND ADMPC_ESTADO='A';
UPDATE PCLUB.ADMPT_PREMIO SET ADMPC_ESTADO='B' WHERE ADMPV_ID_PROCLA='RECSOL40' AND ADMPC_ESTADO='A';
UPDATE PCLUB.ADMPT_PREMIO SET ADMPC_ESTADO='B' WHERE ADMPV_ID_PROCLA='RECSOL60' AND ADMPC_ESTADO='A';
UPDATE PCLUB.ADMPT_PREMIO SET ADMPC_ESTADO='B' WHERE ADMPV_ID_PROCLA='SMSCD10' AND ADMPC_ESTADO='A';
UPDATE PCLUB.ADMPT_PREMIO SET ADMPC_ESTADO='B' WHERE ADMPV_ID_PROCLA='SMSCD100' AND ADMPC_ESTADO='A';
UPDATE PCLUB.ADMPT_PREMIO SET ADMPC_ESTADO='B' WHERE ADMPV_ID_PROCLA='SMSCD1000' AND ADMPC_ESTADO='A';
UPDATE PCLUB.ADMPT_PREMIO SET ADMPC_ESTADO='B' WHERE ADMPV_ID_PROCLA='SMSCD20' AND ADMPC_ESTADO='A';
UPDATE PCLUB.ADMPT_PREMIO SET ADMPC_ESTADO='B' WHERE ADMPV_ID_PROCLA='SMSCD200' AND ADMPC_ESTADO='A';
UPDATE PCLUB.ADMPT_PREMIO SET ADMPC_ESTADO='B' WHERE ADMPV_ID_PROCLA='SMSCD300' AND ADMPC_ESTADO='A';
UPDATE PCLUB.ADMPT_PREMIO SET ADMPC_ESTADO='B' WHERE ADMPV_ID_PROCLA='SMSCD400' AND ADMPC_ESTADO='A';
UPDATE PCLUB.ADMPT_PREMIO SET ADMPC_ESTADO='B' WHERE ADMPV_ID_PROCLA='SMSCD50' AND ADMPC_ESTADO='A';
UPDATE PCLUB.ADMPT_PREMIO SET ADMPC_ESTADO='B' WHERE ADMPV_ID_PROCLA='SMSCD500' AND ADMPC_ESTADO='A';
UPDATE PCLUB.ADMPT_PREMIO SET ADMPC_ESTADO='B' WHERE ADMPV_ID_PROCLA='BONRENESPE' AND ADMPC_ESTADO='A';
UPDATE PCLUB.ADMPT_PREMIO SET ADMPC_ESTADO='B' WHERE ADMPV_ID_PROCLA='CUPDSCTO500PRE' AND ADMPC_ESTADO='A';
UPDATE PCLUB.ADMPT_PREMIO SET ADMPC_ESTADO='B' WHERE ADMPV_ID_PROCLA='DSCEQSOL100PRE' AND ADMPC_ESTADO='A';
UPDATE PCLUB.ADMPT_PREMIO SET ADMPC_ESTADO='B' WHERE ADMPV_ID_PROCLA='DSCEQSOL10PRE' AND ADMPC_ESTADO='A';
UPDATE PCLUB.ADMPT_PREMIO SET ADMPC_ESTADO='B' WHERE ADMPV_ID_PROCLA='DSCEQSOL1PRE' AND ADMPC_ESTADO='A';
UPDATE PCLUB.ADMPT_PREMIO SET ADMPC_ESTADO='B' WHERE ADMPV_ID_PROCLA='DSCEQSOL200PRE' AND ADMPC_ESTADO='A';
UPDATE PCLUB.ADMPT_PREMIO SET ADMPC_ESTADO='B' WHERE ADMPV_ID_PROCLA='DSCEQSOL20PRE' AND ADMPC_ESTADO='A';
UPDATE PCLUB.ADMPT_PREMIO SET ADMPC_ESTADO='B' WHERE ADMPV_ID_PROCLA='DSCEQSOL300PRE' AND ADMPC_ESTADO='A';
UPDATE PCLUB.ADMPT_PREMIO SET ADMPC_ESTADO='B' WHERE ADMPV_ID_PROCLA='DSCEQSOL30PRE' AND ADMPC_ESTADO='A';
UPDATE PCLUB.ADMPT_PREMIO SET ADMPC_ESTADO='B' WHERE ADMPV_ID_PROCLA='DSCEQSOL400PRE' AND ADMPC_ESTADO='A';
UPDATE PCLUB.ADMPT_PREMIO SET ADMPC_ESTADO='B' WHERE ADMPV_ID_PROCLA='DSCEQSOL40PRE' AND ADMPC_ESTADO='A';
UPDATE PCLUB.ADMPT_PREMIO SET ADMPC_ESTADO='B' WHERE ADMPV_ID_PROCLA='DSCEQSOL50PRE' AND ADMPC_ESTADO='A';
UPDATE PCLUB.ADMPT_PREMIO SET ADMPC_ESTADO='B' WHERE ADMPV_ID_PROCLA='DSCEQSOL5PRE' AND ADMPC_ESTADO='A';
UPDATE PCLUB.ADMPT_PREMIO SET ADMPC_ESTADO='B' WHERE ADMPV_ID_PROCLA='DSCEQSOL600PRE' AND ADMPC_ESTADO='A';
UPDATE PCLUB.ADMPT_PREMIO SET ADMPC_ESTADO='B' WHERE ADMPV_ID_PROCLA='FESCLARONOV' AND ADMPC_ESTADO='A';
UPDATE PCLUB.ADMPT_PREMIO SET ADMPC_ESTADO='B' WHERE ADMPV_ID_PROCLA='MECLA00002PRE' AND ADMPC_ESTADO='A';
UPDATE PCLUB.ADMPT_PREMIO SET ADMPC_ESTADO='B' WHERE ADMPV_ID_PROCLA='MECLA00006PRE' AND ADMPC_ESTADO='A';
UPDATE PCLUB.ADMPT_PREMIO SET ADMPC_ESTADO='B' WHERE ADMPV_ID_PROCLA='MECLA00024PRE' AND ADMPC_ESTADO='A';
UPDATE PCLUB.ADMPT_PREMIO SET ADMPC_ESTADO='B' WHERE ADMPV_ID_PROCLA='MECLA00063PRE' AND ADMPC_ESTADO='A';
UPDATE PCLUB.ADMPT_PREMIO SET ADMPC_ESTADO='B' WHERE ADMPV_ID_PROCLA='MECLA00073PRE' AND ADMPC_ESTADO='A';
UPDATE PCLUB.ADMPT_PREMIO SET ADMPC_ESTADO='B' WHERE ADMPV_ID_PROCLA='MECLA00112PRE' AND ADMPC_ESTADO='A';
UPDATE PCLUB.ADMPT_PREMIO SET ADMPC_ESTADO='B' WHERE ADMPV_ID_PROCLA='MECLA00113PRE' AND ADMPC_ESTADO='A';
UPDATE PCLUB.ADMPT_PREMIO SET ADMPC_ESTADO='B' WHERE ADMPV_ID_PROCLA='MECLA00144PRE' AND ADMPC_ESTADO='A';
UPDATE PCLUB.ADMPT_PREMIO SET ADMPC_ESTADO='B' WHERE ADMPV_ID_PROCLA='MECLA00157PRE' AND ADMPC_ESTADO='A';
UPDATE PCLUB.ADMPT_PREMIO SET ADMPC_ESTADO='B' WHERE ADMPV_ID_PROCLA='MECLA00199PRE' AND ADMPC_ESTADO='A';
UPDATE PCLUB.ADMPT_PREMIO SET ADMPC_ESTADO='B' WHERE ADMPV_ID_PROCLA='MECLA00231PRE' AND ADMPC_ESTADO='A';
UPDATE PCLUB.ADMPT_PREMIO SET ADMPC_ESTADO='B' WHERE ADMPV_ID_PROCLA='MECLA00258PRE' AND ADMPC_ESTADO='A';
UPDATE PCLUB.ADMPT_PREMIO SET ADMPC_ESTADO='B' WHERE ADMPV_ID_PROCLA='MECLA00271PRE' AND ADMPC_ESTADO='A';
UPDATE PCLUB.ADMPT_PREMIO SET ADMPC_ESTADO='B' WHERE ADMPV_ID_PROCLA='MECLA00280PRE' AND ADMPC_ESTADO='A';
UPDATE PCLUB.ADMPT_PREMIO SET ADMPC_ESTADO='B' WHERE ADMPV_ID_PROCLA='MECLA00291PRE' AND ADMPC_ESTADO='A';
UPDATE PCLUB.ADMPT_PREMIO SET ADMPC_ESTADO='B' WHERE ADMPV_ID_PROCLA='MECLA00295PRE' AND ADMPC_ESTADO='A';
UPDATE PCLUB.ADMPT_PREMIO SET ADMPC_ESTADO='B' WHERE ADMPV_ID_PROCLA='MECLA00297PRE' AND ADMPC_ESTADO='A';
UPDATE PCLUB.ADMPT_PREMIO SET ADMPC_ESTADO='B' WHERE ADMPV_ID_PROCLA='MECLA00298PRE' AND ADMPC_ESTADO='A';
UPDATE PCLUB.ADMPT_PREMIO SET ADMPC_ESTADO='B' WHERE ADMPV_ID_PROCLA='MECLA00343PRE' AND ADMPC_ESTADO='A';
UPDATE PCLUB.ADMPT_PREMIO SET ADMPC_ESTADO='B' WHERE ADMPV_ID_PROCLA='MECLA00351PRE' AND ADMPC_ESTADO='A';
UPDATE PCLUB.ADMPT_PREMIO SET ADMPC_ESTADO='B' WHERE ADMPV_ID_PROCLA='MECLA00358PRE' AND ADMPC_ESTADO='A';
UPDATE PCLUB.ADMPT_PREMIO SET ADMPC_ESTADO='B' WHERE ADMPV_ID_PROCLA='MECLA00419PRE' AND ADMPC_ESTADO='A';
UPDATE PCLUB.ADMPT_PREMIO SET ADMPC_ESTADO='B' WHERE ADMPV_ID_PROCLA='MECLA00447PRE' AND ADMPC_ESTADO='A';
UPDATE PCLUB.ADMPT_PREMIO SET ADMPC_ESTADO='B' WHERE ADMPV_ID_PROCLA='MECLA00448PRE' AND ADMPC_ESTADO='A';
UPDATE PCLUB.ADMPT_PREMIO SET ADMPC_ESTADO='B' WHERE ADMPV_ID_PROCLA='MECLA00456PRE' AND ADMPC_ESTADO='A';
UPDATE PCLUB.ADMPT_PREMIO SET ADMPC_ESTADO='B' WHERE ADMPV_ID_PROCLA='MECLA00457' AND ADMPC_ESTADO='A';
UPDATE PCLUB.ADMPT_PREMIO SET ADMPC_ESTADO='B' WHERE ADMPV_ID_PROCLA='MECLA00457PRE' AND ADMPC_ESTADO='A';
UPDATE PCLUB.ADMPT_PREMIO SET ADMPC_ESTADO='B' WHERE ADMPV_ID_PROCLA='MECLA00461PRE' AND ADMPC_ESTADO='A';
UPDATE PCLUB.ADMPT_PREMIO SET ADMPC_ESTADO='B' WHERE ADMPV_ID_PROCLA='MECLA00464PRE' AND ADMPC_ESTADO='A';
UPDATE PCLUB.ADMPT_PREMIO SET ADMPC_ESTADO='B' WHERE ADMPV_ID_PROCLA='MECLA00466PRE' AND ADMPC_ESTADO='A';
UPDATE PCLUB.ADMPT_PREMIO SET ADMPC_ESTADO='B' WHERE ADMPV_ID_PROCLA='MECLA00518PRE' AND ADMPC_ESTADO='A';
UPDATE PCLUB.ADMPT_PREMIO SET ADMPC_ESTADO='B' WHERE ADMPV_ID_PROCLA='MECLA00578PRE' AND ADMPC_ESTADO='A';
UPDATE PCLUB.ADMPT_PREMIO SET ADMPC_ESTADO='B' WHERE ADMPV_ID_PROCLA='MECLA00579PRE' AND ADMPC_ESTADO='A';
UPDATE PCLUB.ADMPT_PREMIO SET ADMPC_ESTADO='B' WHERE ADMPV_ID_PROCLA='MECLA00707PRE' AND ADMPC_ESTADO='A';
UPDATE PCLUB.ADMPT_PREMIO SET ADMPC_ESTADO='B' WHERE ADMPV_ID_PROCLA='MECLA00710PRE' AND ADMPC_ESTADO='A';
UPDATE PCLUB.ADMPT_PREMIO SET ADMPC_ESTADO='B' WHERE ADMPV_ID_PROCLA='MECLA00711PRE' AND ADMPC_ESTADO='A';
UPDATE PCLUB.ADMPT_PREMIO SET ADMPC_ESTADO='B' WHERE ADMPV_ID_PROCLA='MECLA00850' AND ADMPC_ESTADO='A';
UPDATE PCLUB.ADMPT_PREMIO SET ADMPC_ESTADO='B' WHERE ADMPV_ID_PROCLA='MINONNET100PRE' AND ADMPC_ESTADO='A';
UPDATE PCLUB.ADMPT_PREMIO SET ADMPC_ESTADO='B' WHERE ADMPV_ID_PROCLA='MINONNET10PRE' AND ADMPC_ESTADO='A';
UPDATE PCLUB.ADMPT_PREMIO SET ADMPC_ESTADO='B' WHERE ADMPV_ID_PROCLA='MINONNET25PRE' AND ADMPC_ESTADO='A';
UPDATE PCLUB.ADMPT_PREMIO SET ADMPC_ESTADO='B' WHERE ADMPV_ID_PROCLA='MINONNET40PRE' AND ADMPC_ESTADO='A';
UPDATE PCLUB.ADMPT_PREMIO SET ADMPC_ESTADO='B' WHERE ADMPV_ID_PROCLA='MINONNET65PRE' AND ADMPC_ESTADO='A';
UPDATE PCLUB.ADMPT_PREMIO SET ADMPC_ESTADO='B' WHERE ADMPV_ID_PROCLA='MINONNET80PRE' AND ADMPC_ESTADO='A';
UPDATE PCLUB.ADMPT_PREMIO SET ADMPC_ESTADO='B' WHERE ADMPV_ID_PROCLA='PAQADU01HFC' AND ADMPC_ESTADO='A';
UPDATE PCLUB.ADMPT_PREMIO SET ADMPC_ESTADO='B' WHERE ADMPV_ID_PROCLA='PAQHBO01HFC' AND ADMPC_ESTADO='A';
UPDATE PCLUB.ADMPT_PREMIO SET ADMPC_ESTADO='B' WHERE ADMPV_ID_PROCLA='PAQHD01HFC' AND ADMPC_ESTADO='A';
UPDATE PCLUB.ADMPT_PREMIO SET ADMPC_ESTADO='B' WHERE ADMPV_ID_PROCLA='PAQINT100MBPRE' AND ADMPC_ESTADO='A';
UPDATE PCLUB.ADMPT_PREMIO SET ADMPC_ESTADO='B' WHERE ADMPV_ID_PROCLA='PAQINT200MBPRE' AND ADMPC_ESTADO='A';
UPDATE PCLUB.ADMPT_PREMIO SET ADMPC_ESTADO='B' WHERE ADMPV_ID_PROCLA='PAQMOV01HFC' AND ADMPC_ESTADO='A';
UPDATE PCLUB.ADMPT_PREMIO SET ADMPC_ESTADO='B' WHERE ADMPV_ID_PROCLA='RECPOSSOL10' AND ADMPC_ESTADO='A';
UPDATE PCLUB.ADMPT_PREMIO SET ADMPC_ESTADO='B' WHERE ADMPV_ID_PROCLA='RECPOSSOL120' AND ADMPC_ESTADO='A';
UPDATE PCLUB.ADMPT_PREMIO SET ADMPC_ESTADO='B' WHERE ADMPV_ID_PROCLA='RECPOSSOL20' AND ADMPC_ESTADO='A';
UPDATE PCLUB.ADMPT_PREMIO SET ADMPC_ESTADO='B' WHERE ADMPV_ID_PROCLA='RECPOSSOL30' AND ADMPC_ESTADO='A';
UPDATE PCLUB.ADMPT_PREMIO SET ADMPC_ESTADO='B' WHERE ADMPV_ID_PROCLA='RECPOSSOL40' AND ADMPC_ESTADO='A';
UPDATE PCLUB.ADMPT_PREMIO SET ADMPC_ESTADO='B' WHERE ADMPV_ID_PROCLA='RECPOSSOL60' AND ADMPC_ESTADO='A';
UPDATE PCLUB.ADMPT_PREMIO SET ADMPC_ESTADO='B' WHERE ADMPV_ID_PROCLA='RECSOL10PRE' AND ADMPC_ESTADO='A';
UPDATE PCLUB.ADMPT_PREMIO SET ADMPC_ESTADO='B' WHERE ADMPV_ID_PROCLA='RECSOL120PRE' AND ADMPC_ESTADO='A';
UPDATE PCLUB.ADMPT_PREMIO SET ADMPC_ESTADO='B' WHERE ADMPV_ID_PROCLA='RECSOL20PRE' AND ADMPC_ESTADO='A';
UPDATE PCLUB.ADMPT_PREMIO SET ADMPC_ESTADO='B' WHERE ADMPV_ID_PROCLA='RECSOL30PRE' AND ADMPC_ESTADO='A';
UPDATE PCLUB.ADMPT_PREMIO SET ADMPC_ESTADO='B' WHERE ADMPV_ID_PROCLA='RECSOL40PRE' AND ADMPC_ESTADO='A';
UPDATE PCLUB.ADMPT_PREMIO SET ADMPC_ESTADO='B' WHERE ADMPV_ID_PROCLA='RECSOL60PRE' AND ADMPC_ESTADO='A';
UPDATE PCLUB.ADMPT_PREMIO SET ADMPC_ESTADO='B' WHERE ADMPV_ID_PROCLA='S1DSCEQSOL10' AND ADMPC_ESTADO='A';
UPDATE PCLUB.ADMPT_PREMIO SET ADMPC_ESTADO='B' WHERE ADMPV_ID_PROCLA='S1DSCEQSOL100' AND ADMPC_ESTADO='A';
UPDATE PCLUB.ADMPT_PREMIO SET ADMPC_ESTADO='B' WHERE ADMPV_ID_PROCLA='S1DSCEQSOL20' AND ADMPC_ESTADO='A';
UPDATE PCLUB.ADMPT_PREMIO SET ADMPC_ESTADO='B' WHERE ADMPV_ID_PROCLA='S1DSCEQSOL200' AND ADMPC_ESTADO='A';
UPDATE PCLUB.ADMPT_PREMIO SET ADMPC_ESTADO='B' WHERE ADMPV_ID_PROCLA='S1DSCEQSOL30' AND ADMPC_ESTADO='A';
UPDATE PCLUB.ADMPT_PREMIO SET ADMPC_ESTADO='B' WHERE ADMPV_ID_PROCLA='S1DSCEQSOL300' AND ADMPC_ESTADO='A';
UPDATE PCLUB.ADMPT_PREMIO SET ADMPC_ESTADO='B' WHERE ADMPV_ID_PROCLA='S1DSCEQSOL40' AND ADMPC_ESTADO='A';
UPDATE PCLUB.ADMPT_PREMIO SET ADMPC_ESTADO='B' WHERE ADMPV_ID_PROCLA='S1DSCEQSOL400' AND ADMPC_ESTADO='A';
UPDATE PCLUB.ADMPT_PREMIO SET ADMPC_ESTADO='B' WHERE ADMPV_ID_PROCLA='S1DSCEQSOL5' AND ADMPC_ESTADO='A';
UPDATE PCLUB.ADMPT_PREMIO SET ADMPC_ESTADO='B' WHERE ADMPV_ID_PROCLA='S1DSCEQSOL50' AND ADMPC_ESTADO='A';
UPDATE PCLUB.ADMPT_PREMIO SET ADMPC_ESTADO='B' WHERE ADMPV_ID_PROCLA='S1DSCEQSOL600' AND ADMPC_ESTADO='A';
UPDATE PCLUB.ADMPT_PREMIO SET ADMPC_ESTADO='B' WHERE ADMPV_ID_PROCLA='S2DSCEQSOL10' AND ADMPC_ESTADO='A';
UPDATE PCLUB.ADMPT_PREMIO SET ADMPC_ESTADO='B' WHERE ADMPV_ID_PROCLA='S2DSCEQSOL100' AND ADMPC_ESTADO='A';
UPDATE PCLUB.ADMPT_PREMIO SET ADMPC_ESTADO='B' WHERE ADMPV_ID_PROCLA='S2DSCEQSOL20' AND ADMPC_ESTADO='A';
UPDATE PCLUB.ADMPT_PREMIO SET ADMPC_ESTADO='B' WHERE ADMPV_ID_PROCLA='S2DSCEQSOL200' AND ADMPC_ESTADO='A';
UPDATE PCLUB.ADMPT_PREMIO SET ADMPC_ESTADO='B' WHERE ADMPV_ID_PROCLA='S2DSCEQSOL30' AND ADMPC_ESTADO='A';
UPDATE PCLUB.ADMPT_PREMIO SET ADMPC_ESTADO='B' WHERE ADMPV_ID_PROCLA='S2DSCEQSOL300' AND ADMPC_ESTADO='A';
UPDATE PCLUB.ADMPT_PREMIO SET ADMPC_ESTADO='B' WHERE ADMPV_ID_PROCLA='S2DSCEQSOL40' AND ADMPC_ESTADO='A';
UPDATE PCLUB.ADMPT_PREMIO SET ADMPC_ESTADO='B' WHERE ADMPV_ID_PROCLA='S2DSCEQSOL400' AND ADMPC_ESTADO='A';
UPDATE PCLUB.ADMPT_PREMIO SET ADMPC_ESTADO='B' WHERE ADMPV_ID_PROCLA='S2DSCEQSOL5' AND ADMPC_ESTADO='A';
UPDATE PCLUB.ADMPT_PREMIO SET ADMPC_ESTADO='B' WHERE ADMPV_ID_PROCLA='S2DSCEQSOL50' AND ADMPC_ESTADO='A';
UPDATE PCLUB.ADMPT_PREMIO SET ADMPC_ESTADO='B' WHERE ADMPV_ID_PROCLA='S2DSCEQSOL600' AND ADMPC_ESTADO='A';
UPDATE PCLUB.ADMPT_PREMIO SET ADMPC_ESTADO='B' WHERE ADMPV_ID_PROCLA='S3DSCEQSOL10' AND ADMPC_ESTADO='A';
UPDATE PCLUB.ADMPT_PREMIO SET ADMPC_ESTADO='B' WHERE ADMPV_ID_PROCLA='S3DSCEQSOL100' AND ADMPC_ESTADO='A';
UPDATE PCLUB.ADMPT_PREMIO SET ADMPC_ESTADO='B' WHERE ADMPV_ID_PROCLA='S3DSCEQSOL20' AND ADMPC_ESTADO='A';
UPDATE PCLUB.ADMPT_PREMIO SET ADMPC_ESTADO='B' WHERE ADMPV_ID_PROCLA='S3DSCEQSOL200' AND ADMPC_ESTADO='A';
UPDATE PCLUB.ADMPT_PREMIO SET ADMPC_ESTADO='B' WHERE ADMPV_ID_PROCLA='S3DSCEQSOL30' AND ADMPC_ESTADO='A';
UPDATE PCLUB.ADMPT_PREMIO SET ADMPC_ESTADO='B' WHERE ADMPV_ID_PROCLA='S3DSCEQSOL300' AND ADMPC_ESTADO='A';
UPDATE PCLUB.ADMPT_PREMIO SET ADMPC_ESTADO='B' WHERE ADMPV_ID_PROCLA='S3DSCEQSOL40' AND ADMPC_ESTADO='A';
UPDATE PCLUB.ADMPT_PREMIO SET ADMPC_ESTADO='B' WHERE ADMPV_ID_PROCLA='S3DSCEQSOL400' AND ADMPC_ESTADO='A';
UPDATE PCLUB.ADMPT_PREMIO SET ADMPC_ESTADO='B' WHERE ADMPV_ID_PROCLA='S3DSCEQSOL5' AND ADMPC_ESTADO='A';
UPDATE PCLUB.ADMPT_PREMIO SET ADMPC_ESTADO='B' WHERE ADMPV_ID_PROCLA='S3DSCEQSOL50' AND ADMPC_ESTADO='A';
UPDATE PCLUB.ADMPT_PREMIO SET ADMPC_ESTADO='B' WHERE ADMPV_ID_PROCLA='S3DSCEQSOL600' AND ADMPC_ESTADO='A';
UPDATE PCLUB.ADMPT_PREMIO SET ADMPC_ESTADO='B' WHERE ADMPV_ID_PROCLA='S4DSCEQSOL10' AND ADMPC_ESTADO='A';
UPDATE PCLUB.ADMPT_PREMIO SET ADMPC_ESTADO='B' WHERE ADMPV_ID_PROCLA='S4DSCEQSOL100' AND ADMPC_ESTADO='A';
UPDATE PCLUB.ADMPT_PREMIO SET ADMPC_ESTADO='B' WHERE ADMPV_ID_PROCLA='S4DSCEQSOL20' AND ADMPC_ESTADO='A';
UPDATE PCLUB.ADMPT_PREMIO SET ADMPC_ESTADO='B' WHERE ADMPV_ID_PROCLA='S4DSCEQSOL200' AND ADMPC_ESTADO='A';
UPDATE PCLUB.ADMPT_PREMIO SET ADMPC_ESTADO='B' WHERE ADMPV_ID_PROCLA='S4DSCEQSOL30' AND ADMPC_ESTADO='A';
UPDATE PCLUB.ADMPT_PREMIO SET ADMPC_ESTADO='B' WHERE ADMPV_ID_PROCLA='S4DSCEQSOL300' AND ADMPC_ESTADO='A';
UPDATE PCLUB.ADMPT_PREMIO SET ADMPC_ESTADO='B' WHERE ADMPV_ID_PROCLA='S4DSCEQSOL40' AND ADMPC_ESTADO='A';
UPDATE PCLUB.ADMPT_PREMIO SET ADMPC_ESTADO='B' WHERE ADMPV_ID_PROCLA='S4DSCEQSOL400' AND ADMPC_ESTADO='A';
UPDATE PCLUB.ADMPT_PREMIO SET ADMPC_ESTADO='B' WHERE ADMPV_ID_PROCLA='S4DSCEQSOL5' AND ADMPC_ESTADO='A';
UPDATE PCLUB.ADMPT_PREMIO SET ADMPC_ESTADO='B' WHERE ADMPV_ID_PROCLA='S4DSCEQSOL50' AND ADMPC_ESTADO='A';
UPDATE PCLUB.ADMPT_PREMIO SET ADMPC_ESTADO='B' WHERE ADMPV_ID_PROCLA='S4DSCEQSOL600' AND ADMPC_ESTADO='A';
UPDATE PCLUB.ADMPT_PREMIO SET ADMPC_ESTADO='B' WHERE ADMPV_ID_PROCLA='S5DSCEQSOL10' AND ADMPC_ESTADO='A';
UPDATE PCLUB.ADMPT_PREMIO SET ADMPC_ESTADO='B' WHERE ADMPV_ID_PROCLA='S5DSCEQSOL100' AND ADMPC_ESTADO='A';
UPDATE PCLUB.ADMPT_PREMIO SET ADMPC_ESTADO='B' WHERE ADMPV_ID_PROCLA='S5DSCEQSOL20' AND ADMPC_ESTADO='A';
UPDATE PCLUB.ADMPT_PREMIO SET ADMPC_ESTADO='B' WHERE ADMPV_ID_PROCLA='S5DSCEQSOL200' AND ADMPC_ESTADO='A';
UPDATE PCLUB.ADMPT_PREMIO SET ADMPC_ESTADO='B' WHERE ADMPV_ID_PROCLA='S5DSCEQSOL30' AND ADMPC_ESTADO='A';
UPDATE PCLUB.ADMPT_PREMIO SET ADMPC_ESTADO='B' WHERE ADMPV_ID_PROCLA='S5DSCEQSOL300' AND ADMPC_ESTADO='A';
UPDATE PCLUB.ADMPT_PREMIO SET ADMPC_ESTADO='B' WHERE ADMPV_ID_PROCLA='S5DSCEQSOL40' AND ADMPC_ESTADO='A';
UPDATE PCLUB.ADMPT_PREMIO SET ADMPC_ESTADO='B' WHERE ADMPV_ID_PROCLA='S5DSCEQSOL400' AND ADMPC_ESTADO='A';
UPDATE PCLUB.ADMPT_PREMIO SET ADMPC_ESTADO='B' WHERE ADMPV_ID_PROCLA='S5DSCEQSOL5' AND ADMPC_ESTADO='A';
UPDATE PCLUB.ADMPT_PREMIO SET ADMPC_ESTADO='B' WHERE ADMPV_ID_PROCLA='S5DSCEQSOL50' AND ADMPC_ESTADO='A';
UPDATE PCLUB.ADMPT_PREMIO SET ADMPC_ESTADO='B' WHERE ADMPV_ID_PROCLA='S5DSCEQSOL600' AND ADMPC_ESTADO='A';
UPDATE PCLUB.ADMPT_PREMIO SET ADMPC_ESTADO='B' WHERE ADMPV_ID_PROCLA='S6DSCEQSOL10' AND ADMPC_ESTADO='A';
UPDATE PCLUB.ADMPT_PREMIO SET ADMPC_ESTADO='B' WHERE ADMPV_ID_PROCLA='S6DSCEQSOL100' AND ADMPC_ESTADO='A';
UPDATE PCLUB.ADMPT_PREMIO SET ADMPC_ESTADO='B' WHERE ADMPV_ID_PROCLA='S6DSCEQSOL20' AND ADMPC_ESTADO='A';
UPDATE PCLUB.ADMPT_PREMIO SET ADMPC_ESTADO='B' WHERE ADMPV_ID_PROCLA='S6DSCEQSOL200' AND ADMPC_ESTADO='A';
UPDATE PCLUB.ADMPT_PREMIO SET ADMPC_ESTADO='B' WHERE ADMPV_ID_PROCLA='S6DSCEQSOL30' AND ADMPC_ESTADO='A';
UPDATE PCLUB.ADMPT_PREMIO SET ADMPC_ESTADO='B' WHERE ADMPV_ID_PROCLA='S6DSCEQSOL300' AND ADMPC_ESTADO='A';
UPDATE PCLUB.ADMPT_PREMIO SET ADMPC_ESTADO='B' WHERE ADMPV_ID_PROCLA='S6DSCEQSOL40' AND ADMPC_ESTADO='A';
UPDATE PCLUB.ADMPT_PREMIO SET ADMPC_ESTADO='B' WHERE ADMPV_ID_PROCLA='S6DSCEQSOL400' AND ADMPC_ESTADO='A';
UPDATE PCLUB.ADMPT_PREMIO SET ADMPC_ESTADO='B' WHERE ADMPV_ID_PROCLA='S6DSCEQSOL5' AND ADMPC_ESTADO='A';
UPDATE PCLUB.ADMPT_PREMIO SET ADMPC_ESTADO='B' WHERE ADMPV_ID_PROCLA='S6DSCEQSOL50' AND ADMPC_ESTADO='A';
UPDATE PCLUB.ADMPT_PREMIO SET ADMPC_ESTADO='B' WHERE ADMPV_ID_PROCLA='S6DSCEQSOL600' AND ADMPC_ESTADO='A';
UPDATE PCLUB.ADMPT_PREMIO SET ADMPC_ESTADO='B' WHERE ADMPV_ID_PROCLA='SMSCD1000PRE' AND ADMPC_ESTADO='A';
UPDATE PCLUB.ADMPT_PREMIO SET ADMPC_ESTADO='B' WHERE ADMPV_ID_PROCLA='SMSCD100PRE' AND ADMPC_ESTADO='A';
UPDATE PCLUB.ADMPT_PREMIO SET ADMPC_ESTADO='B' WHERE ADMPV_ID_PROCLA='SMSCD10PRE' AND ADMPC_ESTADO='A';
UPDATE PCLUB.ADMPT_PREMIO SET ADMPC_ESTADO='B' WHERE ADMPV_ID_PROCLA='SMSCD200PRE' AND ADMPC_ESTADO='A';
UPDATE PCLUB.ADMPT_PREMIO SET ADMPC_ESTADO='B' WHERE ADMPV_ID_PROCLA='SMSCD20PRE' AND ADMPC_ESTADO='A';
UPDATE PCLUB.ADMPT_PREMIO SET ADMPC_ESTADO='B' WHERE ADMPV_ID_PROCLA='SMSCD300PRE' AND ADMPC_ESTADO='A';
UPDATE PCLUB.ADMPT_PREMIO SET ADMPC_ESTADO='B' WHERE ADMPV_ID_PROCLA='SMSCD400PRE' AND ADMPC_ESTADO='A';
UPDATE PCLUB.ADMPT_PREMIO SET ADMPC_ESTADO='B' WHERE ADMPV_ID_PROCLA='SMSCD500PRE' AND ADMPC_ESTADO='A';
UPDATE PCLUB.ADMPT_PREMIO SET ADMPC_ESTADO='B' WHERE ADMPV_ID_PROCLA='SMSCD50PRE' AND ADMPC_ESTADO='A';

/*--tabla admpt_tipo_premclie --*/
--Relacionar los Clientes con los Nuevos Tipos de Premios

insert into PCLUB.admpt_tipo_premclie(admpv_cod_tpopr,admpv_cod_tpocl) values('24','2');
insert into PCLUB.admpt_tipo_premclie(admpv_cod_tpopr,admpv_cod_tpocl) values('24','3');
insert into PCLUB.admpt_tipo_premclie(admpv_cod_tpopr,admpv_cod_tpocl) values('25','2');
insert into PCLUB.admpt_tipo_premclie(admpv_cod_tpopr,admpv_cod_tpocl) values('25','3');
insert into PCLUB.admpt_tipo_premclie(admpv_cod_tpopr,admpv_cod_tpocl) values('26','3');
insert into PCLUB.admpt_tipo_premclie(admpv_cod_tpopr,admpv_cod_tpocl) values('26','2');
insert into PCLUB.admpt_tipo_premclie(admpv_cod_tpopr,admpv_cod_tpocl) values('27','1');
insert into PCLUB.admpt_tipo_premclie(admpv_cod_tpopr,admpv_cod_tpocl) values('27','2');
insert into PCLUB.admpt_tipo_premclie(admpv_cod_tpopr,admpv_cod_tpocl) values('27','3');
insert into PCLUB.admpt_tipo_premclie(admpv_cod_tpopr,admpv_cod_tpocl) values('29','2');
insert into PCLUB.admpt_tipo_premclie(admpv_cod_tpopr,admpv_cod_tpocl) values('29','1');
insert into PCLUB.admpt_tipo_premclie(admpv_cod_tpopr,admpv_cod_tpocl) values('30','1');
insert into PCLUB.admpt_tipo_premclie(admpv_cod_tpopr,admpv_cod_tpocl) values('30','2');
insert into PCLUB.admpt_tipo_premclie(admpv_cod_tpopr,admpv_cod_tpocl) values('30','3');
insert into PCLUB.admpt_tipo_premclie(admpv_cod_tpopr,admpv_cod_tpocl) values('32','6');
insert into PCLUB.admpt_tipo_premclie(admpv_cod_tpopr,admpv_cod_tpocl) values('32','7');

/*--tabla admpt_tipo_premclie --*/
--Eliminar los antiguos premios con los tipos de clientes

DELETE FROM PCLUB.admpt_tipo_premclie WHERE ADMPV_COD_TPOPR='1' AND ADMPV_COD_TPOCL='2';
DELETE FROM PCLUB.admpt_tipo_premclie WHERE ADMPV_COD_TPOPR='10' AND ADMPV_COD_TPOCL='3';
DELETE FROM PCLUB.admpt_tipo_premclie WHERE ADMPV_COD_TPOPR='11' AND ADMPV_COD_TPOCL='3';
DELETE FROM PCLUB.admpt_tipo_premclie WHERE ADMPV_COD_TPOPR='12' AND ADMPV_COD_TPOCL='3';
DELETE FROM PCLUB.admpt_tipo_premclie WHERE ADMPV_COD_TPOPR='13' AND ADMPV_COD_TPOCL='1';
DELETE FROM PCLUB.admpt_tipo_premclie WHERE ADMPV_COD_TPOPR='13' AND ADMPV_COD_TPOCL='2';
DELETE FROM PCLUB.admpt_tipo_premclie WHERE ADMPV_COD_TPOPR='14' AND ADMPV_COD_TPOCL='3';
DELETE FROM PCLUB.admpt_tipo_premclie WHERE ADMPV_COD_TPOPR='15' AND ADMPV_COD_TPOCL='3';
DELETE FROM PCLUB.admpt_tipo_premclie WHERE ADMPV_COD_TPOPR='16' AND ADMPV_COD_TPOCL='3';
DELETE FROM PCLUB.admpt_tipo_premclie WHERE ADMPV_COD_TPOPR='17' AND ADMPV_COD_TPOCL='3';
DELETE FROM PCLUB.admpt_tipo_premclie WHERE ADMPV_COD_TPOPR='18' AND ADMPV_COD_TPOCL='3';
DELETE FROM PCLUB.admpt_tipo_premclie WHERE ADMPV_COD_TPOPR='2' AND ADMPV_COD_TPOCL='1';
DELETE FROM PCLUB.admpt_tipo_premclie WHERE ADMPV_COD_TPOPR='20' AND ADMPV_COD_TPOCL='2';
DELETE FROM PCLUB.admpt_tipo_premclie WHERE ADMPV_COD_TPOPR='21' AND ADMPV_COD_TPOCL='6';
DELETE FROM PCLUB.admpt_tipo_premclie WHERE ADMPV_COD_TPOPR='22' AND ADMPV_COD_TPOCL='7';
DELETE FROM PCLUB.admpt_tipo_premclie WHERE ADMPV_COD_TPOPR='3' AND ADMPV_COD_TPOCL='1';
DELETE FROM PCLUB.admpt_tipo_premclie WHERE ADMPV_COD_TPOPR='3' AND ADMPV_COD_TPOCL='2';
DELETE FROM PCLUB.admpt_tipo_premclie WHERE ADMPV_COD_TPOPR='3' AND ADMPV_COD_TPOCL='3';
DELETE FROM PCLUB.admpt_tipo_premclie WHERE ADMPV_COD_TPOPR='4' AND ADMPV_COD_TPOCL='1';
DELETE FROM PCLUB.admpt_tipo_premclie WHERE ADMPV_COD_TPOPR='4' AND ADMPV_COD_TPOCL='2';
DELETE FROM PCLUB.admpt_tipo_premclie WHERE ADMPV_COD_TPOPR='4' AND ADMPV_COD_TPOCL='3';
DELETE FROM PCLUB.admpt_tipo_premclie WHERE ADMPV_COD_TPOPR='4' AND ADMPV_COD_TPOCL='5';
DELETE FROM PCLUB.admpt_tipo_premclie WHERE ADMPV_COD_TPOPR='5' AND ADMPV_COD_TPOCL='2';
DELETE FROM PCLUB.admpt_tipo_premclie WHERE ADMPV_COD_TPOPR='6' AND ADMPV_COD_TPOCL='1';
DELETE FROM PCLUB.admpt_tipo_premclie WHERE ADMPV_COD_TPOPR='6' AND ADMPV_COD_TPOCL='2';
DELETE FROM PCLUB.admpt_tipo_premclie WHERE ADMPV_COD_TPOPR='7' AND ADMPV_COD_TPOCL='1';
DELETE FROM PCLUB.admpt_tipo_premclie WHERE ADMPV_COD_TPOPR='7' AND ADMPV_COD_TPOCL='2';
DELETE FROM PCLUB.admpt_tipo_premclie WHERE ADMPV_COD_TPOPR='8' AND ADMPV_COD_TPOCL='1';
DELETE FROM PCLUB.admpt_tipo_premclie WHERE ADMPV_COD_TPOPR='8' AND ADMPV_COD_TPOCL='2';
DELETE FROM PCLUB.admpt_tipo_premclie WHERE ADMPV_COD_TPOPR='9' AND ADMPV_COD_TPOCL='3';

INSERT INTO PCLUB.ADMPT_EXCPREMIO_TIPOCLIE(ADMPV_COD_TPOCL,ADMPV_ID_PROCLA)VALUES('7','U_GRILLAPLUS01');

commit;





