delete from PCLUB.ADMPT_TIPO_PREMIO;

-- Insertamos los mismos datos pero con el orden de presentacion
insert into PCLUB.ADMPT_TIPO_PREMIO (ADMPV_COD_TPOPR, ADMPV_DESC, ADMPC_ESTADO, ADMPN_ORDEN)
values ('1', 'Servicios Postpago', 'A', 2);
insert into PCLUB.ADMPT_TIPO_PREMIO (ADMPV_COD_TPOPR, ADMPV_DESC, ADMPC_ESTADO, ADMPN_ORDEN)
values ('2', 'Servicios Control', 'A', 3);
insert into PCLUB.ADMPT_TIPO_PREMIO (ADMPV_COD_TPOPR, ADMPV_DESC, ADMPC_ESTADO, ADMPN_ORDEN)
values ('3', 'Productos Claro', 'A', 5);
insert into PCLUB.ADMPT_TIPO_PREMIO (ADMPV_COD_TPOPR, ADMPV_DESC, ADMPC_ESTADO, ADMPN_ORDEN)
values ('4', 'Dsctos. Equipos', 'A', 1);
insert into PCLUB.ADMPT_TIPO_PREMIO (ADMPV_COD_TPOPR, ADMPV_DESC, ADMPC_ESTADO, ADMPN_ORDEN)
values ('5', 'Recargas Postpago', 'A', 4);
insert into PCLUB.admpt_tipo_premio (admpv_cod_tpopr, admpv_desc, admpc_estado, admpn_orden)
values ('6', 'Bono por Renovacion Especial', 'A', 6);
insert into pclub.admpt_tipo_premio values('7','Descuento en equipos Sobre Altas Nuevas','A',7);
insert into pclub.admpt_tipo_premio (ADMPV_COD_TPOPR, ADMPV_DESC, ADMPC_ESTADO, ADMPN_ORDEN)
values ('8', 'Dscto. de reparación por Servicio Técnico', 'A', 8);
commit;


-- Insertamos el nuevo tipo de cliente
insert into PCLUB.ADMPT_TIPO_CLIENTE (ADMPV_COD_TPOCL, ADMPV_DESC, ADMPC_ESTADO)
values ('5', 'IB', 'A');
commit;
insert into PCLUB.ADMPT_TIPO_CLIENTE (ADMPV_COD_TPOCL, ADMPV_DESC, ADMPC_ESTADO)
values ('2', 'Postpago', 'A');
commit;


-- Insertamos en la tabla de Tipo de Premio por Tipo de Cliente
insert into PCLUB.ADMPT_TIPO_PREMCLIE (ADMPV_COD_TPOPR, ADMPV_COD_TPOCL)
values ('1', '2');
insert into PCLUB.ADMPT_TIPO_PREMCLIE (ADMPV_COD_TPOPR, ADMPV_COD_TPOCL)
values ('2', '1');
insert into PCLUB.ADMPT_TIPO_PREMCLIE (ADMPV_COD_TPOPR, ADMPV_COD_TPOCL)
values ('3', '1');
insert into PCLUB.ADMPT_TIPO_PREMCLIE (ADMPV_COD_TPOPR, ADMPV_COD_TPOCL)
values ('3', '2');
insert into PCLUB.ADMPT_TIPO_PREMCLIE (ADMPV_COD_TPOPR, ADMPV_COD_TPOCL)
values ('4', '1');
insert into PCLUB.ADMPT_TIPO_PREMCLIE (ADMPV_COD_TPOPR, ADMPV_COD_TPOCL)
values ('4', '2');
insert into PCLUB.ADMPT_TIPO_PREMCLIE (ADMPV_COD_TPOPR, ADMPV_COD_TPOCL)
values ('5', '2');
insert into PCLUB.admpt_tipo_premclie (admpv_cod_tpopr, admpv_cod_tpocl)
values ('6', '1');
insert into PCLUB.admpt_tipo_premclie (admpv_cod_tpopr, admpv_cod_tpocl)
values ('6', '2');
insert into PCLUB.admpt_tipo_premclie (admpv_cod_tpopr, admpv_cod_tpocl)
values ('4', '5');
insert into PCLUB.ADMPT_TIPO_PREMCLIE (ADMPV_COD_TPOPR, ADMPV_COD_TPOCL) values ('7', '1');
insert into PCLUB.ADMPT_TIPO_PREMCLIE (ADMPV_COD_TPOPR, ADMPV_COD_TPOCL) values ('7', '2');
insert into PCLUB.ADMPT_TIPO_PREMCLIE (ADMPV_COD_TPOPR, ADMPV_COD_TPOCL) values ('8', '1');
insert into PCLUB.ADMPT_TIPO_PREMCLIE (ADMPV_COD_TPOPR, ADMPV_COD_TPOCL) values ('8', '2');
commit;


-- Agregamos los conceptos necesarios
insert into PCLUB.ADMPT_CONCEPTO (ADMPV_COD_CPTO, ADMPV_DESC, ADMPC_ESTADO, ADMPV_NOM_ARCH, ADMPN_PER_CADU, ADMPC_TPO_PUNTO)
values ('14', 'CANJE', 'A', null, null, null);

insert into PCLUB.ADMPT_CONCEPTO (ADMPV_COD_CPTO, ADMPV_DESC, ADMPC_ESTADO, ADMPV_NOM_ARCH, ADMPN_PER_CADU, ADMPC_TPO_PUNTO)
values ('15', 'DEVOLUCION DE CANJE', 'A', null, null, null);

insert into PCLUB.ADMPT_CONCEPTO (ADMPV_COD_CPTO, ADMPV_DESC, ADMPC_ESTADO, ADMPV_NOM_ARCH, ADMPN_PER_CADU, ADMPC_TPO_PUNTO)
values ('16', 'VENCIMIENTO DE PUNTOS', 'A', null, null, null);


-- Parametros necesarios para el Bono de Renovacion Especial
insert into PCLUB.ADMPT_PARAMSIST (ADMPC_COD_PARAM, ADMPV_DESC, ADMPV_VALOR)
	values ('2  ', 'PUNTO_CC_BONOREN_ESPECIAL', '0.0474');
insert into PCLUB.admpt_paramsist(admpc_cod_param,admpv_desc,admpv_valor)
        values('101','V_SEGMENTO','1');
insert into PCLUB.admpt_paramsist(admpc_cod_param,admpv_desc,admpv_valor)
        values('102','V_PERIODO','12');
insert into PCLUB.admpt_paramsist(admpc_cod_param,admpv_desc,admpv_valor)
        values('7','CONSIDERA_PUNTOS_IB','NO');

commit;


-- Periodos
insert into PCLUB.ADMPT_PERIODO (ADMPV_COD_PER, ADMPV_DSC_PER)
values ('0', '--Seleccione--');
insert into PCLUB.ADMPT_PERIODO (ADMPV_COD_PER, ADMPV_DSC_PER)
values ('12', '12 MESES');
insert into PCLUB.ADMPT_PERIODO (ADMPV_COD_PER, ADMPV_DSC_PER)
values ('18', '18 MESES');
INSERT INTO PCLUB.ADMPT_PERIODO 
VALUES('6','6 MESES');
commit;

-- Segmentos
insert into PCLUB.ADMPT_SEGMENTO (ADMPV_COD_SEGM, ADMPV_DSC_SEGM, ADMPV_VAL_SIAC)
values ('0', '--Seleccione--', '0');
insert into PCLUB.ADMPT_SEGMENTO (ADMPV_COD_SEGM, ADMPV_DSC_SEGM, ADMPV_VAL_SIAC)
values ('1', 'Segmento 1', '1');
insert into PCLUB.ADMPT_SEGMENTO (ADMPV_COD_SEGM, ADMPV_DSC_SEGM, ADMPV_VAL_SIAC)
values ('2', 'Segmento 2', '2');
insert into PCLUB.ADMPT_SEGMENTO (ADMPV_COD_SEGM, ADMPV_DSC_SEGM, ADMPV_VAL_SIAC)
values ('3', 'Segmento 3', '3');
insert into PCLUB.ADMPT_SEGMENTO (ADMPV_COD_SEGM, ADMPV_DSC_SEGM, ADMPV_VAL_SIAC)
values ('4', 'Segmento 4', '4');
insert into PCLUB.ADMPT_SEGMENTO (ADMPV_COD_SEGM, ADMPV_DSC_SEGM, ADMPV_VAL_SIAC)
values ('5', 'Segmento 5', '5');
insert into PCLUB.ADMPT_SEGMENTO (ADMPV_COD_SEGM, ADMPV_DSC_SEGM, ADMPV_VAL_SIAC)
values ('6', 'Segmento 6', '6');
commit;

-- Premios
insert into PCLUB.ADMPT_PREMIO (ADMPV_ID_PROCLA, ADMPV_COD_TPOPR, ADMPV_DESC, ADMPN_PUNTOS, ADMPN_PAGO, ADMPC_ESTADO, ADMPN_COD_SERVC, ADMPN_MNT_RECAR, ADMPC_APL_PUNTO, ADMPV_CAMPANA, ADMPV_CLAVE, ADMPN_MNTDCTO)
values ('MINONNET80', '1', 'PAQUETE MINUTOS ONNET: 80', 130, 0, 'A', 284, 0, 'T', 'NOV-08', null, null);
insert into PCLUB.ADMPT_PREMIO (ADMPV_ID_PROCLA, ADMPV_COD_TPOPR, ADMPV_DESC, ADMPN_PUNTOS, ADMPN_PAGO, ADMPC_ESTADO, ADMPN_COD_SERVC, ADMPN_MNT_RECAR, ADMPC_APL_PUNTO, ADMPV_CAMPANA, ADMPV_CLAVE, ADMPN_MNTDCTO)
values ('S6DSCEQSOL30', '4', 'S6 - DESCUENTO EQUIPO S/.30', 630, 0, 'A', null, 0, 'T', 'FEB-10', null, 30);
insert into PCLUB.ADMPT_PREMIO (ADMPV_ID_PROCLA, ADMPV_COD_TPOPR, ADMPV_DESC, ADMPN_PUNTOS, ADMPN_PAGO, ADMPC_ESTADO, ADMPN_COD_SERVC, ADMPN_MNT_RECAR, ADMPC_APL_PUNTO, ADMPV_CAMPANA, ADMPV_CLAVE, ADMPN_MNTDCTO)
values ('S6DSCEQSOL300', '4', 'S6 - DESCUENTO EQUIPO S/.300', 6150, 0, 'A', null, 0, 'T', 'FEB-10', null, 300);
insert into PCLUB.ADMPT_PREMIO (ADMPV_ID_PROCLA, ADMPV_COD_TPOPR, ADMPV_DESC, ADMPN_PUNTOS, ADMPN_PAGO, ADMPC_ESTADO, ADMPN_COD_SERVC, ADMPN_MNT_RECAR, ADMPC_APL_PUNTO, ADMPV_CAMPANA, ADMPV_CLAVE, ADMPN_MNTDCTO)
values ('S6DSCEQSOL40', '4', 'S6 - DESCUENTO EQUIPO S/.40', 840, 0, 'A', null, 0, 'T', 'FEB-10', null, 40);
insert into PCLUB.ADMPT_PREMIO (ADMPV_ID_PROCLA, ADMPV_COD_TPOPR, ADMPV_DESC, ADMPN_PUNTOS, ADMPN_PAGO, ADMPC_ESTADO, ADMPN_COD_SERVC, ADMPN_MNT_RECAR, ADMPC_APL_PUNTO, ADMPV_CAMPANA, ADMPV_CLAVE, ADMPN_MNTDCTO)
values ('S6DSCEQSOL400', '4', 'S6 - DESCUENTO EQUIPO S/.400', 8200, 0, 'A', null, 0, 'T', 'FEB-10', null, 400);
insert into PCLUB.ADMPT_PREMIO (ADMPV_ID_PROCLA, ADMPV_COD_TPOPR, ADMPV_DESC, ADMPN_PUNTOS, ADMPN_PAGO, ADMPC_ESTADO, ADMPN_COD_SERVC, ADMPN_MNT_RECAR, ADMPC_APL_PUNTO, ADMPV_CAMPANA, ADMPV_CLAVE, ADMPN_MNTDCTO)
values ('S6DSCEQSOL5', '4', 'S6 - DESCUENTO EQUIPO S/.5', 105, 0, 'A', null, 0, 'T', 'FEB-10', null, 5);
insert into PCLUB.ADMPT_PREMIO (ADMPV_ID_PROCLA, ADMPV_COD_TPOPR, ADMPV_DESC, ADMPN_PUNTOS, ADMPN_PAGO, ADMPC_ESTADO, ADMPN_COD_SERVC, ADMPN_MNT_RECAR, ADMPC_APL_PUNTO, ADMPV_CAMPANA, ADMPV_CLAVE, ADMPN_MNTDCTO)
values ('S6DSCEQSOL50', '4', 'S6 - DESCUENTO EQUIPO S/.50', 1050, 0, 'A', null, 0, 'T', 'FEB-10', null, 50);
insert into PCLUB.ADMPT_PREMIO (ADMPV_ID_PROCLA, ADMPV_COD_TPOPR, ADMPV_DESC, ADMPN_PUNTOS, ADMPN_PAGO, ADMPC_ESTADO, ADMPN_COD_SERVC, ADMPN_MNT_RECAR, ADMPC_APL_PUNTO, ADMPV_CAMPANA, ADMPV_CLAVE, ADMPN_MNTDCTO)
values ('S6DSCEQSOL600', '4', 'S6 - DESCUENTO EQUIPO S/.600', 12250, 0, 'A', null, 0, 'T', 'FEB-10', null, 600);
insert into PCLUB.ADMPT_PREMIO (ADMPV_ID_PROCLA, ADMPV_COD_TPOPR, ADMPV_DESC, ADMPN_PUNTOS, ADMPN_PAGO, ADMPC_ESTADO, ADMPN_COD_SERVC, ADMPN_MNT_RECAR, ADMPC_APL_PUNTO, ADMPV_CAMPANA, ADMPV_CLAVE, ADMPN_MNTDCTO)
values ('SMSCD10', '1', 'PAQUETE SMS NACIONAL: 10', 10, 0, 'A', 271, 0, 'T', 'NOV-08', null, null);
insert into PCLUB.ADMPT_PREMIO (ADMPV_ID_PROCLA, ADMPV_COD_TPOPR, ADMPV_DESC, ADMPN_PUNTOS, ADMPN_PAGO, ADMPC_ESTADO, ADMPN_COD_SERVC, ADMPN_MNT_RECAR, ADMPC_APL_PUNTO, ADMPV_CAMPANA, ADMPV_CLAVE, ADMPN_MNTDCTO)
values ('SMSCD100', '1', 'PAQUETE SMS NACIONAL: 1000', 65, 0, 'A', 274, 0, 'T', 'NOV-08', null, null);
insert into PCLUB.ADMPT_PREMIO (ADMPV_ID_PROCLA, ADMPV_COD_TPOPR, ADMPV_DESC, ADMPN_PUNTOS, ADMPN_PAGO, ADMPC_ESTADO, ADMPN_COD_SERVC, ADMPN_MNT_RECAR, ADMPC_APL_PUNTO, ADMPV_CAMPANA, ADMPV_CLAVE, ADMPN_MNTDCTO)
values ('SMSCD1000', '1', 'PAQUETE SMS NACIONAL: 1000', 645, 0, 'A', 279, 0, 'T', 'NOV-08', null, null);
insert into PCLUB.ADMPT_PREMIO (ADMPV_ID_PROCLA, ADMPV_COD_TPOPR, ADMPV_DESC, ADMPN_PUNTOS, ADMPN_PAGO, ADMPC_ESTADO, ADMPN_COD_SERVC, ADMPN_MNT_RECAR, ADMPC_APL_PUNTO, ADMPV_CAMPANA, ADMPV_CLAVE, ADMPN_MNTDCTO)
values ('SMSCD20', '1', 'PAQUETE SMS NACIONAL: 20', 15, 0, 'A', 272, 0, 'T', 'NOV-08', null, null);
insert into PCLUB.ADMPT_PREMIO (ADMPV_ID_PROCLA, ADMPV_COD_TPOPR, ADMPV_DESC, ADMPN_PUNTOS, ADMPN_PAGO, ADMPC_ESTADO, ADMPN_COD_SERVC, ADMPN_MNT_RECAR, ADMPC_APL_PUNTO, ADMPV_CAMPANA, ADMPV_CLAVE, ADMPN_MNTDCTO)
values ('DSCEQSOL100', '4', 'DESCUENTO EQUIPO S/.100', 2050, 0, 'A', null, 0, 'T', 'NOV-08', null, 100);
insert into PCLUB.ADMPT_PREMIO (ADMPV_ID_PROCLA, ADMPV_COD_TPOPR, ADMPV_DESC, ADMPN_PUNTOS, ADMPN_PAGO, ADMPC_ESTADO, ADMPN_COD_SERVC, ADMPN_MNT_RECAR, ADMPC_APL_PUNTO, ADMPV_CAMPANA, ADMPV_CLAVE, ADMPN_MNTDCTO)
values ('DSCEQSOL20', '4', 'DESCUENTO EQUIPO S/.20', 420, 0, 'A', null, 0, 'T', 'JUN-09', null, 20);
insert into PCLUB.ADMPT_PREMIO (ADMPV_ID_PROCLA, ADMPV_COD_TPOPR, ADMPV_DESC, ADMPN_PUNTOS, ADMPN_PAGO, ADMPC_ESTADO, ADMPN_COD_SERVC, ADMPN_MNT_RECAR, ADMPC_APL_PUNTO, ADMPV_CAMPANA, ADMPV_CLAVE, ADMPN_MNTDCTO)
values ('DSCEQSOL200', '4', 'DESCUENTO EQUIPO S/.200', 4100, 0, 'A', null, 0, 'T', 'NOV-08', null, 200);
insert into PCLUB.ADMPT_PREMIO (ADMPV_ID_PROCLA, ADMPV_COD_TPOPR, ADMPV_DESC, ADMPN_PUNTOS, ADMPN_PAGO, ADMPC_ESTADO, ADMPN_COD_SERVC, ADMPN_MNT_RECAR, ADMPC_APL_PUNTO, ADMPV_CAMPANA, ADMPV_CLAVE, ADMPN_MNTDCTO)
values ('DSCEQSOL30', '4', 'DESCUENTO EQUIPO S/.30', 630, 0, 'A', null, 0, 'T', 'JUN-09', null, 30);
insert into PCLUB.ADMPT_PREMIO (ADMPV_ID_PROCLA, ADMPV_COD_TPOPR, ADMPV_DESC, ADMPN_PUNTOS, ADMPN_PAGO, ADMPC_ESTADO, ADMPN_COD_SERVC, ADMPN_MNT_RECAR, ADMPC_APL_PUNTO, ADMPV_CAMPANA, ADMPV_CLAVE, ADMPN_MNTDCTO)
values ('DSCEQSOL300', '4', 'DESCUENTO EQUIPO S/.300', 6150, 0, 'A', null, 0, 'T', 'NOV-08', null, 300);
insert into PCLUB.ADMPT_PREMIO (ADMPV_ID_PROCLA, ADMPV_COD_TPOPR, ADMPV_DESC, ADMPN_PUNTOS, ADMPN_PAGO, ADMPC_ESTADO, ADMPN_COD_SERVC, ADMPN_MNT_RECAR, ADMPC_APL_PUNTO, ADMPV_CAMPANA, ADMPV_CLAVE, ADMPN_MNTDCTO)
values ('DSCEQSOL40', '4', 'DESCUENTO EQUIPO S/.40', 840, 0, 'A', null, 0, 'T', 'JUN-09', null, 40);
insert into PCLUB.ADMPT_PREMIO (ADMPV_ID_PROCLA, ADMPV_COD_TPOPR, ADMPV_DESC, ADMPN_PUNTOS, ADMPN_PAGO, ADMPC_ESTADO, ADMPN_COD_SERVC, ADMPN_MNT_RECAR, ADMPC_APL_PUNTO, ADMPV_CAMPANA, ADMPV_CLAVE, ADMPN_MNTDCTO)
values ('DSCEQSOL400', '4', 'DESCUENTO EQUIPO S/.400', 8200, 0, 'A', null, 0, 'T', 'NOV-08', null, 400);
insert into PCLUB.ADMPT_PREMIO (ADMPV_ID_PROCLA, ADMPV_COD_TPOPR, ADMPV_DESC, ADMPN_PUNTOS, ADMPN_PAGO, ADMPC_ESTADO, ADMPN_COD_SERVC, ADMPN_MNT_RECAR, ADMPC_APL_PUNTO, ADMPV_CAMPANA, ADMPV_CLAVE, ADMPN_MNTDCTO)
values ('DSCEQSOL50', '4', 'DESCUENTO EQUIPO S/.50', 1050, 0, 'A', null, 0, 'T', 'NOV-08', null, 50);
insert into PCLUB.ADMPT_PREMIO (ADMPV_ID_PROCLA, ADMPV_COD_TPOPR, ADMPV_DESC, ADMPN_PUNTOS, ADMPN_PAGO, ADMPC_ESTADO, ADMPN_COD_SERVC, ADMPN_MNT_RECAR, ADMPC_APL_PUNTO, ADMPV_CAMPANA, ADMPV_CLAVE, ADMPN_MNTDCTO)
values ('DSCEQSOL600', '4', 'DESCUENTO EQUIPO S/.600', 12250, 0, 'A', null, 0, 'T', 'NOV-08', null, 600);
insert into PCLUB.ADMPT_PREMIO (ADMPV_ID_PROCLA, ADMPV_COD_TPOPR, ADMPV_DESC, ADMPN_PUNTOS, ADMPN_PAGO, ADMPC_ESTADO, ADMPN_COD_SERVC, ADMPN_MNT_RECAR, ADMPC_APL_PUNTO, ADMPV_CAMPANA, ADMPV_CLAVE, ADMPN_MNTDCTO)
values ('MECLA00002', '3', 'PELOTA ROJA CON LOGO CLARO', 45, 0, 'A', null, 0, 'T', 'NOV-08', null, null);
insert into PCLUB.ADMPT_PREMIO (ADMPV_ID_PROCLA, ADMPV_COD_TPOPR, ADMPV_DESC, ADMPN_PUNTOS, ADMPN_PAGO, ADMPC_ESTADO, ADMPN_COD_SERVC, ADMPN_MNT_RECAR, ADMPC_APL_PUNTO, ADMPV_CAMPANA, ADMPV_CLAVE, ADMPN_MNTDCTO)
values ('MECLA00006', '3', 'MALETIN RECTANGULAR', 430, 0, 'A', null, 0, 'T', 'NOV-08', null, null);
insert into PCLUB.ADMPT_PREMIO (ADMPV_ID_PROCLA, ADMPV_COD_TPOPR, ADMPV_DESC, ADMPN_PUNTOS, ADMPN_PAGO, ADMPC_ESTADO, ADMPN_COD_SERVC, ADMPN_MNT_RECAR, ADMPC_APL_PUNTO, ADMPV_CAMPANA, ADMPV_CLAVE, ADMPN_MNTDCTO)
values ('MECLA00024', '3', 'POLO BLANCO', 90, 0, 'A', null, 0, 'T', 'NOV-08', null, null);
insert into PCLUB.ADMPT_PREMIO (ADMPV_ID_PROCLA, ADMPV_COD_TPOPR, ADMPV_DESC, ADMPN_PUNTOS, ADMPN_PAGO, ADMPC_ESTADO, ADMPN_COD_SERVC, ADMPN_MNT_RECAR, ADMPC_APL_PUNTO, ADMPV_CAMPANA, ADMPV_CLAVE, ADMPN_MNTDCTO)
values ('MECLA00063', '3', 'LLAVERO PVC FLEXIBLE CLARO', 30, 0, 'A', null, 0, 'T', 'NOV-08', null, null);
insert into PCLUB.ADMPT_PREMIO (ADMPV_ID_PROCLA, ADMPV_COD_TPOPR, ADMPV_DESC, ADMPN_PUNTOS, ADMPN_PAGO, ADMPC_ESTADO, ADMPN_COD_SERVC, ADMPN_MNT_RECAR, ADMPC_APL_PUNTO, ADMPV_CAMPANA, ADMPV_CLAVE, ADMPN_MNTDCTO)
values ('MECLA00112', '3', 'CASACA POLAR ROJA', 375, 0, 'A', null, 0, 'T', 'NOV-08', null, null);
insert into PCLUB.ADMPT_PREMIO (ADMPV_ID_PROCLA, ADMPV_COD_TPOPR, ADMPV_DESC, ADMPN_PUNTOS, ADMPN_PAGO, ADMPC_ESTADO, ADMPN_COD_SERVC, ADMPN_MNT_RECAR, ADMPC_APL_PUNTO, ADMPV_CAMPANA, ADMPV_CLAVE, ADMPN_MNTDCTO)
values ('MECLA00113', '3', 'CORTAVIENTO DE TELA ROJO CON LOGO CLARO', 375, 0, 'A', null, 0, 'T', 'JUN-09', null, null);
insert into PCLUB.ADMPT_PREMIO (ADMPV_ID_PROCLA, ADMPV_COD_TPOPR, ADMPV_DESC, ADMPN_PUNTOS, ADMPN_PAGO, ADMPC_ESTADO, ADMPN_COD_SERVC, ADMPN_MNT_RECAR, ADMPC_APL_PUNTO, ADMPV_CAMPANA, ADMPV_CLAVE, ADMPN_MNTDCTO)
values ('MECLA00144', '3', 'PELOTA INFLABLE DE PLAYA', 45, 0, 'A', null, 0, 'T', 'NOV-08', null, null);
insert into PCLUB.ADMPT_PREMIO (ADMPV_ID_PROCLA, ADMPV_COD_TPOPR, ADMPV_DESC, ADMPN_PUNTOS, ADMPN_PAGO, ADMPC_ESTADO, ADMPN_COD_SERVC, ADMPN_MNT_RECAR, ADMPC_APL_PUNTO, ADMPV_CAMPANA, ADMPV_CLAVE, ADMPN_MNTDCTO)
values ('MECLA00157', '3', 'BANCO PARA PLAYA CON LONA ROJA Y LOGO', 330, 0, 'A', null, 0, 'T', 'NOV-09', null, null);
insert into PCLUB.ADMPT_PREMIO (ADMPV_ID_PROCLA, ADMPV_COD_TPOPR, ADMPV_DESC, ADMPN_PUNTOS, ADMPN_PAGO, ADMPC_ESTADO, ADMPN_COD_SERVC, ADMPN_MNT_RECAR, ADMPC_APL_PUNTO, ADMPV_CAMPANA, ADMPV_CLAVE, ADMPN_MNTDCTO)
values ('MECLA00280', '3', 'GORRO TELA TASLAN BORDADO', 90, 0, 'A', null, 0, 'T', 'JUN-09', null, null);
insert into PCLUB.ADMPT_PREMIO (ADMPV_ID_PROCLA, ADMPV_COD_TPOPR, ADMPV_DESC, ADMPN_PUNTOS, ADMPN_PAGO, ADMPC_ESTADO, ADMPN_COD_SERVC, ADMPN_MNT_RECAR, ADMPC_APL_PUNTO, ADMPV_CAMPANA, ADMPV_CLAVE, ADMPN_MNTDCTO)
values ('MECLA00295', '3', 'LLAVERO CLARO', 30, 0, 'A', null, 0, 'T', 'NOV-08', null, null);
insert into PCLUB.ADMPT_PREMIO (ADMPV_ID_PROCLA, ADMPV_COD_TPOPR, ADMPV_DESC, ADMPN_PUNTOS, ADMPN_PAGO, ADMPC_ESTADO, ADMPN_COD_SERVC, ADMPN_MNT_RECAR, ADMPC_APL_PUNTO, ADMPV_CAMPANA, ADMPV_CLAVE, ADMPN_MNTDCTO)
values ('MECLA00298', '3', 'GORRO CLARO', 90, 0, 'A', null, 0, 'T', 'NOV-08', null, null);
insert into PCLUB.ADMPT_PREMIO (ADMPV_ID_PROCLA, ADMPV_COD_TPOPR, ADMPV_DESC, ADMPN_PUNTOS, ADMPN_PAGO, ADMPC_ESTADO, ADMPN_COD_SERVC, ADMPN_MNT_RECAR, ADMPC_APL_PUNTO, ADMPV_CAMPANA, ADMPV_CLAVE, ADMPN_MNTDCTO)
values ('MECLA00343', '3', 'GORRO DRILL ROJO LOGO CLARO', 90, 0, 'A', null, 0, 'T', 'NOV-08', null, null);
insert into PCLUB.ADMPT_PREMIO (ADMPV_ID_PROCLA, ADMPV_COD_TPOPR, ADMPV_DESC, ADMPN_PUNTOS, ADMPN_PAGO, ADMPC_ESTADO, ADMPN_COD_SERVC, ADMPN_MNT_RECAR, ADMPC_APL_PUNTO, ADMPV_CAMPANA, ADMPV_CLAVE, ADMPN_MNTDCTO)
values ('MECLA00419', '3', 'TOMATODO MODELO NUEVO LOGO CLARO', 70, 0, 'A', null, 0, 'T', 'NOV-09', null, null);
insert into PCLUB.ADMPT_PREMIO (ADMPV_ID_PROCLA, ADMPV_COD_TPOPR, ADMPV_DESC, ADMPN_PUNTOS, ADMPN_PAGO, ADMPC_ESTADO, ADMPN_COD_SERVC, ADMPN_MNT_RECAR, ADMPC_APL_PUNTO, ADMPV_CAMPANA, ADMPV_CLAVE, ADMPN_MNTDCTO)
values ('MECLA00447', '3', 'SOMBRILLA LINO PLASTIFICADO', 760, 0, 'A', null, 0, 'T', 'NOV-09', null, null);
insert into PCLUB.ADMPT_PREMIO (ADMPV_ID_PROCLA, ADMPV_COD_TPOPR, ADMPV_DESC, ADMPN_PUNTOS, ADMPN_PAGO, ADMPC_ESTADO, ADMPN_COD_SERVC, ADMPN_MNT_RECAR, ADMPC_APL_PUNTO, ADMPV_CAMPANA, ADMPV_CLAVE, ADMPN_MNTDCTO)
values ('MECLA00456', '3', 'POLO DRY FIT', 250, 0, 'A', null, 0, 'T', 'NOV-09', null, null);
insert into PCLUB.ADMPT_PREMIO (ADMPV_ID_PROCLA, ADMPV_COD_TPOPR, ADMPV_DESC, ADMPN_PUNTOS, ADMPN_PAGO, ADMPC_ESTADO, ADMPN_COD_SERVC, ADMPN_MNT_RECAR, ADMPC_APL_PUNTO, ADMPV_CAMPANA, ADMPV_CLAVE, ADMPN_MNTDCTO)
values ('MECLA00457', '3', 'GORRO DRY FIT', 140, 0, 'A', null, 0, 'T', 'NOV-09', null, null);
insert into PCLUB.ADMPT_PREMIO (ADMPV_ID_PROCLA, ADMPV_COD_TPOPR, ADMPV_DESC, ADMPN_PUNTOS, ADMPN_PAGO, ADMPC_ESTADO, ADMPN_COD_SERVC, ADMPN_MNT_RECAR, ADMPC_APL_PUNTO, ADMPV_CAMPANA, ADMPV_CLAVE, ADMPN_MNTDCTO)
values ('MECLA00461', '3', 'POLO BLANCO MANGA CORTA LOGO CLARO', 90, 0, 'A', null, 0, 'T', 'NOV-08', null, null);
insert into PCLUB.ADMPT_PREMIO (ADMPV_ID_PROCLA, ADMPV_COD_TPOPR, ADMPV_DESC, ADMPN_PUNTOS, ADMPN_PAGO, ADMPC_ESTADO, ADMPN_COD_SERVC, ADMPN_MNT_RECAR, ADMPC_APL_PUNTO, ADMPV_CAMPANA, ADMPV_CLAVE, ADMPN_MNTDCTO)
values ('MECLA00464', '3', 'MALETIN MEDIANO ROJO LOGO CLARO', 430, 0, 'A', null, 0, 'T', 'JUN-09', null, null);
insert into PCLUB.ADMPT_PREMIO (ADMPV_ID_PROCLA, ADMPV_COD_TPOPR, ADMPV_DESC, ADMPN_PUNTOS, ADMPN_PAGO, ADMPC_ESTADO, ADMPN_COD_SERVC, ADMPN_MNT_RECAR, ADMPC_APL_PUNTO, ADMPV_CAMPANA, ADMPV_CLAVE, ADMPN_MNTDCTO)
values ('MECLA00466', '3', 'MALETIN GRANDE ROJO CON LOGO CLARO', 550, 0, 'A', null, 0, 'T', 'NOV-09', null, null);
insert into PCLUB.ADMPT_PREMIO (ADMPV_ID_PROCLA, ADMPV_COD_TPOPR, ADMPV_DESC, ADMPN_PUNTOS, ADMPN_PAGO, ADMPC_ESTADO, ADMPN_COD_SERVC, ADMPN_MNT_RECAR, ADMPC_APL_PUNTO, ADMPV_CAMPANA, ADMPV_CLAVE, ADMPN_MNTDCTO)
values ('MECLA00518', '3', 'BOLSO MOCHILA COLOR GRIS LOGO CLARO', 190, 0, 'A', null, 0, 'T', 'NOV-09', null, null);
insert into PCLUB.ADMPT_PREMIO (ADMPV_ID_PROCLA, ADMPV_COD_TPOPR, ADMPV_DESC, ADMPN_PUNTOS, ADMPN_PAGO, ADMPC_ESTADO, ADMPN_COD_SERVC, ADMPN_MNT_RECAR, ADMPC_APL_PUNTO, ADMPV_CAMPANA, ADMPV_CLAVE, ADMPN_MNTDCTO)
values ('MECLA00578', '3', 'POLOS ROJOS DRY FIT CLARO CLUB', 395, 0, 'A', null, 0, 'T', 'ENE-10', null, null);
insert into PCLUB.ADMPT_PREMIO (ADMPV_ID_PROCLA, ADMPV_COD_TPOPR, ADMPV_DESC, ADMPN_PUNTOS, ADMPN_PAGO, ADMPC_ESTADO, ADMPN_COD_SERVC, ADMPN_MNT_RECAR, ADMPC_APL_PUNTO, ADMPV_CAMPANA, ADMPV_CLAVE, ADMPN_MNTDCTO)
values ('MINONNET10', '1', 'PAQUETE MINUTOS ONNET: 10', 20, 0, 'A', 280, 0, 'T', 'NOV-08', null, null);
insert into PCLUB.ADMPT_PREMIO (ADMPV_ID_PROCLA, ADMPV_COD_TPOPR, ADMPV_DESC, ADMPN_PUNTOS, ADMPN_PAGO, ADMPC_ESTADO, ADMPN_COD_SERVC, ADMPN_MNT_RECAR, ADMPC_APL_PUNTO, ADMPV_CAMPANA, ADMPV_CLAVE, ADMPN_MNTDCTO)
values ('MINONNET100', '1', 'PAQUETE MINUTOS ONNET: 100', 160, 0, 'A', 285, 0, 'T', 'NOV-08', null, null);
insert into PCLUB.ADMPT_PREMIO (ADMPV_ID_PROCLA, ADMPV_COD_TPOPR, ADMPV_DESC, ADMPN_PUNTOS, ADMPN_PAGO, ADMPC_ESTADO, ADMPN_COD_SERVC, ADMPN_MNT_RECAR, ADMPC_APL_PUNTO, ADMPV_CAMPANA, ADMPV_CLAVE, ADMPN_MNTDCTO)
values ('MINONNET25', '1', 'PAQUETE MINUTOS ONNET: 25', 40, 0, 'A', 281, 0, 'T', 'NOV-08', null, null);
insert into PCLUB.ADMPT_PREMIO (ADMPV_ID_PROCLA, ADMPV_COD_TPOPR, ADMPV_DESC, ADMPN_PUNTOS, ADMPN_PAGO, ADMPC_ESTADO, ADMPN_COD_SERVC, ADMPN_MNT_RECAR, ADMPC_APL_PUNTO, ADMPV_CAMPANA, ADMPV_CLAVE, ADMPN_MNTDCTO)
values ('MINONNET40', '1', 'PAQUETE MINUTOS ONNET: 40', 65, 0, 'A', 282, 0, 'T', 'NOV-08', null, null);
insert into PCLUB.ADMPT_PREMIO (ADMPV_ID_PROCLA, ADMPV_COD_TPOPR, ADMPV_DESC, ADMPN_PUNTOS, ADMPN_PAGO, ADMPC_ESTADO, ADMPN_COD_SERVC, ADMPN_MNT_RECAR, ADMPC_APL_PUNTO, ADMPV_CAMPANA, ADMPV_CLAVE, ADMPN_MNTDCTO)
values ('MINONNET65', '1', 'PAQUETE MINUTOS ONNET: 65', 105, 0, 'A', 283, 0, 'T', 'NOV-08', null, null);
insert into PCLUB.ADMPT_PREMIO (ADMPV_ID_PROCLA, ADMPV_COD_TPOPR, ADMPV_DESC, ADMPN_PUNTOS, ADMPN_PAGO, ADMPC_ESTADO, ADMPN_COD_SERVC, ADMPN_MNT_RECAR, ADMPC_APL_PUNTO, ADMPV_CAMPANA, ADMPV_CLAVE, ADMPN_MNTDCTO)
values ('RECSOL10', '2', 'RECARGA S/.10', 120, 0, 'A', 286, 10, 'T', 'NOV-08', null, null);
insert into PCLUB.ADMPT_PREMIO (ADMPV_ID_PROCLA, ADMPV_COD_TPOPR, ADMPV_DESC, ADMPN_PUNTOS, ADMPN_PAGO, ADMPC_ESTADO, ADMPN_COD_SERVC, ADMPN_MNT_RECAR, ADMPC_APL_PUNTO, ADMPV_CAMPANA, ADMPV_CLAVE, ADMPN_MNTDCTO)
values ('RECSOL120', '2', 'RECARGA S/.120', 1390, 0, 'A', 294, 120, 'T', 'NOV-08', null, null);
insert into PCLUB.ADMPT_PREMIO (ADMPV_ID_PROCLA, ADMPV_COD_TPOPR, ADMPV_DESC, ADMPN_PUNTOS, ADMPN_PAGO, ADMPC_ESTADO, ADMPN_COD_SERVC, ADMPN_MNT_RECAR, ADMPC_APL_PUNTO, ADMPV_CAMPANA, ADMPV_CLAVE, ADMPN_MNTDCTO)
values ('RECSOL20', '2', 'RECARGA S/.20', 240, 0, 'A', 287, 20, 'T', 'NOV-08', null, null);
insert into PCLUB.ADMPT_PREMIO (ADMPV_ID_PROCLA, ADMPV_COD_TPOPR, ADMPV_DESC, ADMPN_PUNTOS, ADMPN_PAGO, ADMPC_ESTADO, ADMPN_COD_SERVC, ADMPN_MNT_RECAR, ADMPC_APL_PUNTO, ADMPV_CAMPANA, ADMPV_CLAVE, ADMPN_MNTDCTO)
values ('RECSOL30', '2', 'RECARGA S/.30', 350, 0, 'A', 288, 30, 'T', 'NOV-08', null, null);
insert into PCLUB.ADMPT_PREMIO (ADMPV_ID_PROCLA, ADMPV_COD_TPOPR, ADMPV_DESC, ADMPN_PUNTOS, ADMPN_PAGO, ADMPC_ESTADO, ADMPN_COD_SERVC, ADMPN_MNT_RECAR, ADMPC_APL_PUNTO, ADMPV_CAMPANA, ADMPV_CLAVE, ADMPN_MNTDCTO)
values ('RECSOL40', '2', 'RECARGA S/.40', 470, 0, 'A', 289, 40, 'T', 'NOV-08', null, null);
insert into PCLUB.ADMPT_PREMIO (ADMPV_ID_PROCLA, ADMPV_COD_TPOPR, ADMPV_DESC, ADMPN_PUNTOS, ADMPN_PAGO, ADMPC_ESTADO, ADMPN_COD_SERVC, ADMPN_MNT_RECAR, ADMPC_APL_PUNTO, ADMPV_CAMPANA, ADMPV_CLAVE, ADMPN_MNTDCTO)
values ('RECSOL60', '2', 'RECARGA S/.60', 700, 0, 'A', 293, 60, 'T', 'NOV-08', null, null);
insert into PCLUB.ADMPT_PREMIO (ADMPV_ID_PROCLA, ADMPV_COD_TPOPR, ADMPV_DESC, ADMPN_PUNTOS, ADMPN_PAGO, ADMPC_ESTADO, ADMPN_COD_SERVC, ADMPN_MNT_RECAR, ADMPC_APL_PUNTO, ADMPV_CAMPANA, ADMPV_CLAVE, ADMPN_MNTDCTO)
values ('S1DSCEQSOL10', '4', 'S1 - DESCUENTO EQUIPO S/.10', 175, 0, 'A', null, 0, 'T', 'FEB-10', null, 10);
insert into PCLUB.ADMPT_PREMIO (ADMPV_ID_PROCLA, ADMPV_COD_TPOPR, ADMPV_DESC, ADMPN_PUNTOS, ADMPN_PAGO, ADMPC_ESTADO, ADMPN_COD_SERVC, ADMPN_MNT_RECAR, ADMPC_APL_PUNTO, ADMPV_CAMPANA, ADMPV_CLAVE, ADMPN_MNTDCTO)
values ('S1DSCEQSOL100', '4', 'S1 - DESCUENTO EQUIPO S/.100', 1708, 0, 'A', null, 0, 'T', 'FEB-10', null, 100);
insert into PCLUB.ADMPT_PREMIO (ADMPV_ID_PROCLA, ADMPV_COD_TPOPR, ADMPV_DESC, ADMPN_PUNTOS, ADMPN_PAGO, ADMPC_ESTADO, ADMPN_COD_SERVC, ADMPN_MNT_RECAR, ADMPC_APL_PUNTO, ADMPV_CAMPANA, ADMPV_CLAVE, ADMPN_MNTDCTO)
values ('S1DSCEQSOL20', '4', 'S1 - DESCUENTO EQUIPO S/.20', 350, 0, 'A', null, 0, 'T', 'FEB-10', null, 20);
insert into PCLUB.ADMPT_PREMIO (ADMPV_ID_PROCLA, ADMPV_COD_TPOPR, ADMPV_DESC, ADMPN_PUNTOS, ADMPN_PAGO, ADMPC_ESTADO, ADMPN_COD_SERVC, ADMPN_MNT_RECAR, ADMPC_APL_PUNTO, ADMPV_CAMPANA, ADMPV_CLAVE, ADMPN_MNTDCTO)
values ('S1DSCEQSOL200', '4', 'S1 - DESCUENTO EQUIPO S/.200', 3417, 0, 'A', null, 0, 'T', 'FEB-10', null, 200);
insert into PCLUB.ADMPT_PREMIO (ADMPV_ID_PROCLA, ADMPV_COD_TPOPR, ADMPV_DESC, ADMPN_PUNTOS, ADMPN_PAGO, ADMPC_ESTADO, ADMPN_COD_SERVC, ADMPN_MNT_RECAR, ADMPC_APL_PUNTO, ADMPV_CAMPANA, ADMPV_CLAVE, ADMPN_MNTDCTO)
values ('S1DSCEQSOL30', '4', 'S1 - DESCUENTO EQUIPO S/.30', 525, 0, 'A', null, 0, 'T', 'FEB-10', null, 30);
insert into PCLUB.ADMPT_PREMIO (ADMPV_ID_PROCLA, ADMPV_COD_TPOPR, ADMPV_DESC, ADMPN_PUNTOS, ADMPN_PAGO, ADMPC_ESTADO, ADMPN_COD_SERVC, ADMPN_MNT_RECAR, ADMPC_APL_PUNTO, ADMPV_CAMPANA, ADMPV_CLAVE, ADMPN_MNTDCTO)
values ('S1DSCEQSOL300', '4', 'S1 - DESCUENTO EQUIPO S/.300', 5125, 0, 'A', null, 0, 'T', 'FEB-10', null, 300);
insert into PCLUB.ADMPT_PREMIO (ADMPV_ID_PROCLA, ADMPV_COD_TPOPR, ADMPV_DESC, ADMPN_PUNTOS, ADMPN_PAGO, ADMPC_ESTADO, ADMPN_COD_SERVC, ADMPN_MNT_RECAR, ADMPC_APL_PUNTO, ADMPV_CAMPANA, ADMPV_CLAVE, ADMPN_MNTDCTO)
values ('S1DSCEQSOL40', '4', 'S1 - DESCUENTO EQUIPO S/.40', 700, 0, 'A', null, 0, 'T', 'FEB-10', null, 40);
insert into PCLUB.ADMPT_PREMIO (ADMPV_ID_PROCLA, ADMPV_COD_TPOPR, ADMPV_DESC, ADMPN_PUNTOS, ADMPN_PAGO, ADMPC_ESTADO, ADMPN_COD_SERVC, ADMPN_MNT_RECAR, ADMPC_APL_PUNTO, ADMPV_CAMPANA, ADMPV_CLAVE, ADMPN_MNTDCTO)
values ('S1DSCEQSOL400', '4', 'S1 - DESCUENTO EQUIPO S/.400', 6833, 0, 'A', null, 0, 'T', 'FEB-10', null, 400);
insert into PCLUB.ADMPT_PREMIO (ADMPV_ID_PROCLA, ADMPV_COD_TPOPR, ADMPV_DESC, ADMPN_PUNTOS, ADMPN_PAGO, ADMPC_ESTADO, ADMPN_COD_SERVC, ADMPN_MNT_RECAR, ADMPC_APL_PUNTO, ADMPV_CAMPANA, ADMPV_CLAVE, ADMPN_MNTDCTO)
values ('S1DSCEQSOL5', '4', 'S1 - DESCUENTO EQUIPO S/.5', 88, 0, 'A', null, 0, 'T', 'FEB-10', null, 5);
insert into PCLUB.ADMPT_PREMIO (ADMPV_ID_PROCLA, ADMPV_COD_TPOPR, ADMPV_DESC, ADMPN_PUNTOS, ADMPN_PAGO, ADMPC_ESTADO, ADMPN_COD_SERVC, ADMPN_MNT_RECAR, ADMPC_APL_PUNTO, ADMPV_CAMPANA, ADMPV_CLAVE, ADMPN_MNTDCTO)
values ('S1DSCEQSOL50', '4', 'S1 - DESCUENTO EQUIPO S/.50', 875, 0, 'A', null, 0, 'T', 'FEB-10', null, 50);
insert into PCLUB.ADMPT_PREMIO (ADMPV_ID_PROCLA, ADMPV_COD_TPOPR, ADMPV_DESC, ADMPN_PUNTOS, ADMPN_PAGO, ADMPC_ESTADO, ADMPN_COD_SERVC, ADMPN_MNT_RECAR, ADMPC_APL_PUNTO, ADMPV_CAMPANA, ADMPV_CLAVE, ADMPN_MNTDCTO)
values ('S1DSCEQSOL600', '4', 'S1 - DESCUENTO EQUIPO S/.600', 10208, 0, 'A', null, 0, 'T', 'FEB-10', null, 600);
insert into PCLUB.ADMPT_PREMIO (ADMPV_ID_PROCLA, ADMPV_COD_TPOPR, ADMPV_DESC, ADMPN_PUNTOS, ADMPN_PAGO, ADMPC_ESTADO, ADMPN_COD_SERVC, ADMPN_MNT_RECAR, ADMPC_APL_PUNTO, ADMPV_CAMPANA, ADMPV_CLAVE, ADMPN_MNTDCTO)
values ('S2DSCEQSOL10', '4', 'S2 - DESCUENTO EQUIPO S/.10', 117, 0, 'A', null, 0, 'T', 'FEB-10', null, 10);
insert into PCLUB.ADMPT_PREMIO (ADMPV_ID_PROCLA, ADMPV_COD_TPOPR, ADMPV_DESC, ADMPN_PUNTOS, ADMPN_PAGO, ADMPC_ESTADO, ADMPN_COD_SERVC, ADMPN_MNT_RECAR, ADMPC_APL_PUNTO, ADMPV_CAMPANA, ADMPV_CLAVE, ADMPN_MNTDCTO)
values ('S2DSCEQSOL100', '4', 'S2 - DESCUENTO EQUIPO S/.100', 1139, 0, 'A', null, 0, 'T', 'FEB-10', null, 100);
insert into PCLUB.ADMPT_PREMIO (ADMPV_ID_PROCLA, ADMPV_COD_TPOPR, ADMPV_DESC, ADMPN_PUNTOS, ADMPN_PAGO, ADMPC_ESTADO, ADMPN_COD_SERVC, ADMPN_MNT_RECAR, ADMPC_APL_PUNTO, ADMPV_CAMPANA, ADMPV_CLAVE, ADMPN_MNTDCTO)
values ('S2DSCEQSOL20', '4', 'S2 - DESCUENTO EQUIPO S/.20', 233, 0, 'A', null, 0, 'T', 'FEB-10', null, 20);
insert into PCLUB.ADMPT_PREMIO (ADMPV_ID_PROCLA, ADMPV_COD_TPOPR, ADMPV_DESC, ADMPN_PUNTOS, ADMPN_PAGO, ADMPC_ESTADO, ADMPN_COD_SERVC, ADMPN_MNT_RECAR, ADMPC_APL_PUNTO, ADMPV_CAMPANA, ADMPV_CLAVE, ADMPN_MNTDCTO)
values ('S2DSCEQSOL200', '4', 'S2 - DESCUENTO EQUIPO S/.200', 2278, 0, 'A', null, 0, 'T', 'FEB-10', null, 200);
insert into PCLUB.ADMPT_PREMIO (ADMPV_ID_PROCLA, ADMPV_COD_TPOPR, ADMPV_DESC, ADMPN_PUNTOS, ADMPN_PAGO, ADMPC_ESTADO, ADMPN_COD_SERVC, ADMPN_MNT_RECAR, ADMPC_APL_PUNTO, ADMPV_CAMPANA, ADMPV_CLAVE, ADMPN_MNTDCTO)
values ('S2DSCEQSOL30', '4', 'S2 - DESCUENTO EQUIPO S/.30', 350, 0, 'A', null, 0, 'T', 'FEB-10', null, 30);
insert into PCLUB.ADMPT_PREMIO (ADMPV_ID_PROCLA, ADMPV_COD_TPOPR, ADMPV_DESC, ADMPN_PUNTOS, ADMPN_PAGO, ADMPC_ESTADO, ADMPN_COD_SERVC, ADMPN_MNT_RECAR, ADMPC_APL_PUNTO, ADMPV_CAMPANA, ADMPV_CLAVE, ADMPN_MNTDCTO)
values ('S2DSCEQSOL300', '4', 'S2 - DESCUENTO EQUIPO S/.300', 3417, 0, 'A', null, 0, 'T', 'FEB-10', null, 300);
insert into PCLUB.ADMPT_PREMIO (ADMPV_ID_PROCLA, ADMPV_COD_TPOPR, ADMPV_DESC, ADMPN_PUNTOS, ADMPN_PAGO, ADMPC_ESTADO, ADMPN_COD_SERVC, ADMPN_MNT_RECAR, ADMPC_APL_PUNTO, ADMPV_CAMPANA, ADMPV_CLAVE, ADMPN_MNTDCTO)
values ('S2DSCEQSOL40', '4', 'S2 - DESCUENTO EQUIPO S/.40', 467, 0, 'A', null, 0, 'T', 'FEB-10', null, 40);
insert into PCLUB.ADMPT_PREMIO (ADMPV_ID_PROCLA, ADMPV_COD_TPOPR, ADMPV_DESC, ADMPN_PUNTOS, ADMPN_PAGO, ADMPC_ESTADO, ADMPN_COD_SERVC, ADMPN_MNT_RECAR, ADMPC_APL_PUNTO, ADMPV_CAMPANA, ADMPV_CLAVE, ADMPN_MNTDCTO)
values ('S2DSCEQSOL400', '4', 'S2 - DESCUENTO EQUIPO S/.400', 4556, 0, 'A', null, 0, 'T', 'FEB-10', null, 400);
insert into PCLUB.ADMPT_PREMIO (ADMPV_ID_PROCLA, ADMPV_COD_TPOPR, ADMPV_DESC, ADMPN_PUNTOS, ADMPN_PAGO, ADMPC_ESTADO, ADMPN_COD_SERVC, ADMPN_MNT_RECAR, ADMPC_APL_PUNTO, ADMPV_CAMPANA, ADMPV_CLAVE, ADMPN_MNTDCTO)
values ('S2DSCEQSOL5', '4', 'S2 - DESCUENTO EQUIPO S/.5', 58, 0, 'A', null, 0, 'T', 'FEB-10', null, 5);
insert into PCLUB.ADMPT_PREMIO (ADMPV_ID_PROCLA, ADMPV_COD_TPOPR, ADMPV_DESC, ADMPN_PUNTOS, ADMPN_PAGO, ADMPC_ESTADO, ADMPN_COD_SERVC, ADMPN_MNT_RECAR, ADMPC_APL_PUNTO, ADMPV_CAMPANA, ADMPV_CLAVE, ADMPN_MNTDCTO)
values ('S2DSCEQSOL50', '4', 'S2 - DESCUENTO EQUIPO S/.50', 583, 0, 'A', null, 0, 'T', 'FEB-10', null, 50);
insert into PCLUB.ADMPT_PREMIO (ADMPV_ID_PROCLA, ADMPV_COD_TPOPR, ADMPV_DESC, ADMPN_PUNTOS, ADMPN_PAGO, ADMPC_ESTADO, ADMPN_COD_SERVC, ADMPN_MNT_RECAR, ADMPC_APL_PUNTO, ADMPV_CAMPANA, ADMPV_CLAVE, ADMPN_MNTDCTO)
values ('S2DSCEQSOL600', '4', 'S2 - DESCUENTO EQUIPO S/.600', 6806, 0, 'A', null, 0, 'T', 'FEB-10', null, null);
insert into PCLUB.ADMPT_PREMIO (ADMPV_ID_PROCLA, ADMPV_COD_TPOPR, ADMPV_DESC, ADMPN_PUNTOS, ADMPN_PAGO, ADMPC_ESTADO, ADMPN_COD_SERVC, ADMPN_MNT_RECAR, ADMPC_APL_PUNTO, ADMPV_CAMPANA, ADMPV_CLAVE, ADMPN_MNTDCTO)
values ('S3DSCEQSOL10', '4', 'S3 - DESCUENTO EQUIPO S/.10', 210, 0, 'A', null, 0, 'T', 'FEB-10', null, null);
insert into PCLUB.ADMPT_PREMIO (ADMPV_ID_PROCLA, ADMPV_COD_TPOPR, ADMPV_DESC, ADMPN_PUNTOS, ADMPN_PAGO, ADMPC_ESTADO, ADMPN_COD_SERVC, ADMPN_MNT_RECAR, ADMPC_APL_PUNTO, ADMPV_CAMPANA, ADMPV_CLAVE, ADMPN_MNTDCTO)
values ('S3DSCEQSOL100', '4', 'S3 - DESCUENTO EQUIPO S/.100', 2050, 0, 'A', null, 0, 'T', 'FEB-10', null, null);
insert into PCLUB.ADMPT_PREMIO (ADMPV_ID_PROCLA, ADMPV_COD_TPOPR, ADMPV_DESC, ADMPN_PUNTOS, ADMPN_PAGO, ADMPC_ESTADO, ADMPN_COD_SERVC, ADMPN_MNT_RECAR, ADMPC_APL_PUNTO, ADMPV_CAMPANA, ADMPV_CLAVE, ADMPN_MNTDCTO)
values ('S3DSCEQSOL20', '4', 'S3 - DESCUENTO EQUIPO S/.20', 420, 0, 'A', null, 0, 'T', 'FEB-10', null, null);
insert into PCLUB.ADMPT_PREMIO (ADMPV_ID_PROCLA, ADMPV_COD_TPOPR, ADMPV_DESC, ADMPN_PUNTOS, ADMPN_PAGO, ADMPC_ESTADO, ADMPN_COD_SERVC, ADMPN_MNT_RECAR, ADMPC_APL_PUNTO, ADMPV_CAMPANA, ADMPV_CLAVE, ADMPN_MNTDCTO)
values ('S3DSCEQSOL200', '4', 'S3 - DESCUENTO EQUIPO S/.200', 4100, 0, 'A', null, 0, 'T', 'FEB-10', null, null);
insert into PCLUB.ADMPT_PREMIO (ADMPV_ID_PROCLA, ADMPV_COD_TPOPR, ADMPV_DESC, ADMPN_PUNTOS, ADMPN_PAGO, ADMPC_ESTADO, ADMPN_COD_SERVC, ADMPN_MNT_RECAR, ADMPC_APL_PUNTO, ADMPV_CAMPANA, ADMPV_CLAVE, ADMPN_MNTDCTO)
values ('S3DSCEQSOL30', '4', 'S3 - DESCUENTO EQUIPO S/.30', 630, 0, 'A', null, 0, 'T', 'FEB-10', null, null);
insert into PCLUB.ADMPT_PREMIO (ADMPV_ID_PROCLA, ADMPV_COD_TPOPR, ADMPV_DESC, ADMPN_PUNTOS, ADMPN_PAGO, ADMPC_ESTADO, ADMPN_COD_SERVC, ADMPN_MNT_RECAR, ADMPC_APL_PUNTO, ADMPV_CAMPANA, ADMPV_CLAVE, ADMPN_MNTDCTO)
values ('S3DSCEQSOL300', '4', 'S3 - DESCUENTO EQUIPO S/.300', 6150, 0, 'A', null, 0, 'T', 'FEB-10', null, null);
insert into PCLUB.ADMPT_PREMIO (ADMPV_ID_PROCLA, ADMPV_COD_TPOPR, ADMPV_DESC, ADMPN_PUNTOS, ADMPN_PAGO, ADMPC_ESTADO, ADMPN_COD_SERVC, ADMPN_MNT_RECAR, ADMPC_APL_PUNTO, ADMPV_CAMPANA, ADMPV_CLAVE, ADMPN_MNTDCTO)
values ('S3DSCEQSOL40', '4', 'S3 - DESCUENTO EQUIPO S/.40', 840, 0, 'A', null, 0, 'T', 'FEB-10', null, null);
insert into PCLUB.ADMPT_PREMIO (ADMPV_ID_PROCLA, ADMPV_COD_TPOPR, ADMPV_DESC, ADMPN_PUNTOS, ADMPN_PAGO, ADMPC_ESTADO, ADMPN_COD_SERVC, ADMPN_MNT_RECAR, ADMPC_APL_PUNTO, ADMPV_CAMPANA, ADMPV_CLAVE, ADMPN_MNTDCTO)
values ('S3DSCEQSOL400', '4', 'S3 - DESCUENTO EQUIPO S/.400', 8200, 0, 'A', null, 0, 'T', 'FEB-10', null, null);
insert into PCLUB.ADMPT_PREMIO (ADMPV_ID_PROCLA, ADMPV_COD_TPOPR, ADMPV_DESC, ADMPN_PUNTOS, ADMPN_PAGO, ADMPC_ESTADO, ADMPN_COD_SERVC, ADMPN_MNT_RECAR, ADMPC_APL_PUNTO, ADMPV_CAMPANA, ADMPV_CLAVE, ADMPN_MNTDCTO)
values ('S3DSCEQSOL5', '4', 'S3 - DESCUENTO EQUIPO S/.5', 105, 0, 'A', null, 0, 'T', 'FEB-10', null, null);
insert into PCLUB.ADMPT_PREMIO (ADMPV_ID_PROCLA, ADMPV_COD_TPOPR, ADMPV_DESC, ADMPN_PUNTOS, ADMPN_PAGO, ADMPC_ESTADO, ADMPN_COD_SERVC, ADMPN_MNT_RECAR, ADMPC_APL_PUNTO, ADMPV_CAMPANA, ADMPV_CLAVE, ADMPN_MNTDCTO)
values ('S3DSCEQSOL50', '4', 'S3 - DESCUENTO EQUIPO S/.50', 1050, 0, 'A', null, 0, 'T', 'FEB-10', null, null);
insert into PCLUB.ADMPT_PREMIO (ADMPV_ID_PROCLA, ADMPV_COD_TPOPR, ADMPV_DESC, ADMPN_PUNTOS, ADMPN_PAGO, ADMPC_ESTADO, ADMPN_COD_SERVC, ADMPN_MNT_RECAR, ADMPC_APL_PUNTO, ADMPV_CAMPANA, ADMPV_CLAVE, ADMPN_MNTDCTO)
values ('S3DSCEQSOL600', '4', 'S3 - DESCUENTO EQUIPO S/.600', 12250, 0, 'A', null, 0, 'T', 'FEB-10', null, null);
insert into PCLUB.ADMPT_PREMIO (ADMPV_ID_PROCLA, ADMPV_COD_TPOPR, ADMPV_DESC, ADMPN_PUNTOS, ADMPN_PAGO, ADMPC_ESTADO, ADMPN_COD_SERVC, ADMPN_MNT_RECAR, ADMPC_APL_PUNTO, ADMPV_CAMPANA, ADMPV_CLAVE, ADMPN_MNTDCTO)
values ('S4DSCEQSOL10', '4', 'S4 - DESCUENTO EQUIPO S/.10', 210, 0, 'A', null, 0, 'T', 'FEB-10', null, null);
insert into PCLUB.ADMPT_PREMIO (ADMPV_ID_PROCLA, ADMPV_COD_TPOPR, ADMPV_DESC, ADMPN_PUNTOS, ADMPN_PAGO, ADMPC_ESTADO, ADMPN_COD_SERVC, ADMPN_MNT_RECAR, ADMPC_APL_PUNTO, ADMPV_CAMPANA, ADMPV_CLAVE, ADMPN_MNTDCTO)
values ('S4DSCEQSOL100', '4', 'S4 - DESCUENTO EQUIPO S/.100', 2050, 0, 'A', null, 0, 'T', 'FEB-10', null, null);
insert into PCLUB.ADMPT_PREMIO (ADMPV_ID_PROCLA, ADMPV_COD_TPOPR, ADMPV_DESC, ADMPN_PUNTOS, ADMPN_PAGO, ADMPC_ESTADO, ADMPN_COD_SERVC, ADMPN_MNT_RECAR, ADMPC_APL_PUNTO, ADMPV_CAMPANA, ADMPV_CLAVE, ADMPN_MNTDCTO)
values ('S4DSCEQSOL20', '4', 'S4 - DESCUENTO EQUIPO S/.20', 420, 0, 'A', null, 0, 'T', 'FEB-10', null, null);
insert into PCLUB.ADMPT_PREMIO (ADMPV_ID_PROCLA, ADMPV_COD_TPOPR, ADMPV_DESC, ADMPN_PUNTOS, ADMPN_PAGO, ADMPC_ESTADO, ADMPN_COD_SERVC, ADMPN_MNT_RECAR, ADMPC_APL_PUNTO, ADMPV_CAMPANA, ADMPV_CLAVE, ADMPN_MNTDCTO)
values ('S4DSCEQSOL200', '4', 'S4 - DESCUENTO EQUIPO S/.200', 4100, 0, 'A', null, 0, 'T', 'FEB-10', null, null);
insert into PCLUB.ADMPT_PREMIO (ADMPV_ID_PROCLA, ADMPV_COD_TPOPR, ADMPV_DESC, ADMPN_PUNTOS, ADMPN_PAGO, ADMPC_ESTADO, ADMPN_COD_SERVC, ADMPN_MNT_RECAR, ADMPC_APL_PUNTO, ADMPV_CAMPANA, ADMPV_CLAVE, ADMPN_MNTDCTO)
values ('S4DSCEQSOL30', '4', 'S4 - DESCUENTO EQUIPO S/.30', 630, 0, 'A', null, 0, 'T', 'FEB-10', null, null);
insert into PCLUB.ADMPT_PREMIO (ADMPV_ID_PROCLA, ADMPV_COD_TPOPR, ADMPV_DESC, ADMPN_PUNTOS, ADMPN_PAGO, ADMPC_ESTADO, ADMPN_COD_SERVC, ADMPN_MNT_RECAR, ADMPC_APL_PUNTO, ADMPV_CAMPANA, ADMPV_CLAVE, ADMPN_MNTDCTO)
values ('S4DSCEQSOL300', '4', 'S4 - DESCUENTO EQUIPO S/.300', 6150, 0, 'A', null, 0, 'T', 'FEB-10', null, null);
insert into PCLUB.ADMPT_PREMIO (ADMPV_ID_PROCLA, ADMPV_COD_TPOPR, ADMPV_DESC, ADMPN_PUNTOS, ADMPN_PAGO, ADMPC_ESTADO, ADMPN_COD_SERVC, ADMPN_MNT_RECAR, ADMPC_APL_PUNTO, ADMPV_CAMPANA, ADMPV_CLAVE, ADMPN_MNTDCTO)
values ('S4DSCEQSOL40', '4', 'S4 - DESCUENTO EQUIPO S/.40', 840, 0, 'A', null, 0, 'T', 'FEB-10', null, null);
insert into PCLUB.ADMPT_PREMIO (ADMPV_ID_PROCLA, ADMPV_COD_TPOPR, ADMPV_DESC, ADMPN_PUNTOS, ADMPN_PAGO, ADMPC_ESTADO, ADMPN_COD_SERVC, ADMPN_MNT_RECAR, ADMPC_APL_PUNTO, ADMPV_CAMPANA, ADMPV_CLAVE, ADMPN_MNTDCTO)
values ('S4DSCEQSOL400', '4', 'S4 - DESCUENTO EQUIPO S/.400', 8200, 0, 'A', null, 0, 'T', 'FEB-10', null, null);
insert into PCLUB.ADMPT_PREMIO (ADMPV_ID_PROCLA, ADMPV_COD_TPOPR, ADMPV_DESC, ADMPN_PUNTOS, ADMPN_PAGO, ADMPC_ESTADO, ADMPN_COD_SERVC, ADMPN_MNT_RECAR, ADMPC_APL_PUNTO, ADMPV_CAMPANA, ADMPV_CLAVE, ADMPN_MNTDCTO)
values ('S4DSCEQSOL5', '4', 'S4 - DESCUENTO EQUIPO S/.5', 105, 0, 'A', null, 0, 'T', 'FEB-10', null, null);
insert into PCLUB.ADMPT_PREMIO (ADMPV_ID_PROCLA, ADMPV_COD_TPOPR, ADMPV_DESC, ADMPN_PUNTOS, ADMPN_PAGO, ADMPC_ESTADO, ADMPN_COD_SERVC, ADMPN_MNT_RECAR, ADMPC_APL_PUNTO, ADMPV_CAMPANA, ADMPV_CLAVE, ADMPN_MNTDCTO)
values ('S4DSCEQSOL50', '4', 'S4 - DESCUENTO EQUIPO S/.50', 1050, 0, 'A', null, 0, 'T', 'FEB-10', null, null);
insert into PCLUB.ADMPT_PREMIO (ADMPV_ID_PROCLA, ADMPV_COD_TPOPR, ADMPV_DESC, ADMPN_PUNTOS, ADMPN_PAGO, ADMPC_ESTADO, ADMPN_COD_SERVC, ADMPN_MNT_RECAR, ADMPC_APL_PUNTO, ADMPV_CAMPANA, ADMPV_CLAVE, ADMPN_MNTDCTO)
values ('S4DSCEQSOL600', '4', 'S4 - DESCUENTO EQUIPO S/.600', 12250, 0, 'A', null, 0, 'T', 'FEB-10', null, null);
insert into PCLUB.ADMPT_PREMIO (ADMPV_ID_PROCLA, ADMPV_COD_TPOPR, ADMPV_DESC, ADMPN_PUNTOS, ADMPN_PAGO, ADMPC_ESTADO, ADMPN_COD_SERVC, ADMPN_MNT_RECAR, ADMPC_APL_PUNTO, ADMPV_CAMPANA, ADMPV_CLAVE, ADMPN_MNTDCTO)
values ('S5DSCEQSOL10', '4', 'S5 - DESCUENTO EQUIPO S/.10', 210, 0, 'A', null, 0, 'T', 'FEB-10', null, null);
insert into PCLUB.ADMPT_PREMIO (ADMPV_ID_PROCLA, ADMPV_COD_TPOPR, ADMPV_DESC, ADMPN_PUNTOS, ADMPN_PAGO, ADMPC_ESTADO, ADMPN_COD_SERVC, ADMPN_MNT_RECAR, ADMPC_APL_PUNTO, ADMPV_CAMPANA, ADMPV_CLAVE, ADMPN_MNTDCTO)
values ('S5DSCEQSOL100', '4', 'S5 - DESCUENTO EQUIPO S/.100', 2050, 0, 'A', null, 0, 'T', 'FEB-10', null, null);
insert into PCLUB.ADMPT_PREMIO (ADMPV_ID_PROCLA, ADMPV_COD_TPOPR, ADMPV_DESC, ADMPN_PUNTOS, ADMPN_PAGO, ADMPC_ESTADO, ADMPN_COD_SERVC, ADMPN_MNT_RECAR, ADMPC_APL_PUNTO, ADMPV_CAMPANA, ADMPV_CLAVE, ADMPN_MNTDCTO)
values ('S5DSCEQSOL20', '4', 'S5 - DESCUENTO EQUIPO S/.20', 420, 0, 'A', null, 0, 'T', 'FEB-10', null, null);
insert into PCLUB.ADMPT_PREMIO (ADMPV_ID_PROCLA, ADMPV_COD_TPOPR, ADMPV_DESC, ADMPN_PUNTOS, ADMPN_PAGO, ADMPC_ESTADO, ADMPN_COD_SERVC, ADMPN_MNT_RECAR, ADMPC_APL_PUNTO, ADMPV_CAMPANA, ADMPV_CLAVE, ADMPN_MNTDCTO)
values ('S5DSCEQSOL200', '4', 'S5 - DESCUENTO EQUIPO S/.200', 4100, 0, 'A', null, 0, 'T', 'FEB-10', null, null);
insert into PCLUB.ADMPT_PREMIO (ADMPV_ID_PROCLA, ADMPV_COD_TPOPR, ADMPV_DESC, ADMPN_PUNTOS, ADMPN_PAGO, ADMPC_ESTADO, ADMPN_COD_SERVC, ADMPN_MNT_RECAR, ADMPC_APL_PUNTO, ADMPV_CAMPANA, ADMPV_CLAVE, ADMPN_MNTDCTO)
values ('S5DSCEQSOL30', '4', 'S5 - DESCUENTO EQUIPO S/.30', 630, 0, 'A', null, 0, 'T', 'FEB-10', null, null);
insert into PCLUB.ADMPT_PREMIO (ADMPV_ID_PROCLA, ADMPV_COD_TPOPR, ADMPV_DESC, ADMPN_PUNTOS, ADMPN_PAGO, ADMPC_ESTADO, ADMPN_COD_SERVC, ADMPN_MNT_RECAR, ADMPC_APL_PUNTO, ADMPV_CAMPANA, ADMPV_CLAVE, ADMPN_MNTDCTO)
values ('S5DSCEQSOL300', '4', 'S5 - DESCUENTO EQUIPO S/.300', 6150, 0, 'A', null, 0, 'T', 'FEB-10', null, null);
insert into PCLUB.ADMPT_PREMIO (ADMPV_ID_PROCLA, ADMPV_COD_TPOPR, ADMPV_DESC, ADMPN_PUNTOS, ADMPN_PAGO, ADMPC_ESTADO, ADMPN_COD_SERVC, ADMPN_MNT_RECAR, ADMPC_APL_PUNTO, ADMPV_CAMPANA, ADMPV_CLAVE, ADMPN_MNTDCTO)
values ('S5DSCEQSOL40', '4', 'S5 - DESCUENTO EQUIPO S/.40', 840, 0, 'A', null, 0, 'T', 'FEB-10', null, null);
insert into PCLUB.ADMPT_PREMIO (ADMPV_ID_PROCLA, ADMPV_COD_TPOPR, ADMPV_DESC, ADMPN_PUNTOS, ADMPN_PAGO, ADMPC_ESTADO, ADMPN_COD_SERVC, ADMPN_MNT_RECAR, ADMPC_APL_PUNTO, ADMPV_CAMPANA, ADMPV_CLAVE, ADMPN_MNTDCTO)
values ('S5DSCEQSOL400', '4', 'S5 - DESCUENTO EQUIPO S/.400', 8200, 0, 'A', null, 0, 'T', 'FEB-10', null, null);
insert into PCLUB.ADMPT_PREMIO (ADMPV_ID_PROCLA, ADMPV_COD_TPOPR, ADMPV_DESC, ADMPN_PUNTOS, ADMPN_PAGO, ADMPC_ESTADO, ADMPN_COD_SERVC, ADMPN_MNT_RECAR, ADMPC_APL_PUNTO, ADMPV_CAMPANA, ADMPV_CLAVE, ADMPN_MNTDCTO)
values ('S5DSCEQSOL5', '4', 'S5 - DESCUENTO EQUIPO S/.5', 105, 0, 'A', null, 0, 'T', 'FEB-10', null, null);
insert into PCLUB.ADMPT_PREMIO (ADMPV_ID_PROCLA, ADMPV_COD_TPOPR, ADMPV_DESC, ADMPN_PUNTOS, ADMPN_PAGO, ADMPC_ESTADO, ADMPN_COD_SERVC, ADMPN_MNT_RECAR, ADMPC_APL_PUNTO, ADMPV_CAMPANA, ADMPV_CLAVE, ADMPN_MNTDCTO)
values ('S5DSCEQSOL50', '4', 'S5 - DESCUENTO EQUIPO S/.50', 1050, 0, 'A', null, 0, 'T', 'FEB-10', null, null);
insert into PCLUB.ADMPT_PREMIO (ADMPV_ID_PROCLA, ADMPV_COD_TPOPR, ADMPV_DESC, ADMPN_PUNTOS, ADMPN_PAGO, ADMPC_ESTADO, ADMPN_COD_SERVC, ADMPN_MNT_RECAR, ADMPC_APL_PUNTO, ADMPV_CAMPANA, ADMPV_CLAVE, ADMPN_MNTDCTO)
values ('S5DSCEQSOL600', '4', 'S5 - DESCUENTO EQUIPO S/.600', 12250, 0, 'A', null, 0, 'T', 'FEB-10', null, null);
insert into PCLUB.ADMPT_PREMIO (ADMPV_ID_PROCLA, ADMPV_COD_TPOPR, ADMPV_DESC, ADMPN_PUNTOS, ADMPN_PAGO, ADMPC_ESTADO, ADMPN_COD_SERVC, ADMPN_MNT_RECAR, ADMPC_APL_PUNTO, ADMPV_CAMPANA, ADMPV_CLAVE, ADMPN_MNTDCTO)
values ('S6DSCEQSOL10', '4', 'S6 - DESCUENTO EQUIPO S/.10', 210, 0, 'A', null, 0, 'T', 'FEB-10', null, null);
insert into PCLUB.ADMPT_PREMIO (ADMPV_ID_PROCLA, ADMPV_COD_TPOPR, ADMPV_DESC, ADMPN_PUNTOS, ADMPN_PAGO, ADMPC_ESTADO, ADMPN_COD_SERVC, ADMPN_MNT_RECAR, ADMPC_APL_PUNTO, ADMPV_CAMPANA, ADMPV_CLAVE, ADMPN_MNTDCTO)
values ('S6DSCEQSOL100', '4', 'S6 - DESCUENTO EQUIPO S/.100', 2050, 0, 'A', null, 0, 'T', 'FEB-10', null, null);
insert into PCLUB.ADMPT_PREMIO (ADMPV_ID_PROCLA, ADMPV_COD_TPOPR, ADMPV_DESC, ADMPN_PUNTOS, ADMPN_PAGO, ADMPC_ESTADO, ADMPN_COD_SERVC, ADMPN_MNT_RECAR, ADMPC_APL_PUNTO, ADMPV_CAMPANA, ADMPV_CLAVE, ADMPN_MNTDCTO)
values ('S6DSCEQSOL20', '4', 'S6 - DESCUENTO EQUIPO S/.20', 420, 0, 'A', null, 0, 'T', 'FEB-10', null, null);
insert into PCLUB.ADMPT_PREMIO (ADMPV_ID_PROCLA, ADMPV_COD_TPOPR, ADMPV_DESC, ADMPN_PUNTOS, ADMPN_PAGO, ADMPC_ESTADO, ADMPN_COD_SERVC, ADMPN_MNT_RECAR, ADMPC_APL_PUNTO, ADMPV_CAMPANA, ADMPV_CLAVE, ADMPN_MNTDCTO)
values ('S6DSCEQSOL200', '4', 'S6 - DESCUENTO EQUIPO S/.200', 4100, 0, 'A', null, 0, 'T', 'FEB-10', null, null);
insert into PCLUB.ADMPT_PREMIO (ADMPV_ID_PROCLA, ADMPV_COD_TPOPR, ADMPV_DESC, ADMPN_PUNTOS, ADMPN_PAGO, ADMPC_ESTADO, ADMPN_COD_SERVC, ADMPN_MNT_RECAR, ADMPC_APL_PUNTO, ADMPV_CAMPANA, ADMPV_CLAVE, ADMPN_MNTDCTO)
values ('SMSCD200', '1', 'PAQUETE SMS NACIONAL: 200', 130, 0, 'A', 275, 0, 'T', 'NOV-08', null, null);
insert into PCLUB.ADMPT_PREMIO (ADMPV_ID_PROCLA, ADMPV_COD_TPOPR, ADMPV_DESC, ADMPN_PUNTOS, ADMPN_PAGO, ADMPC_ESTADO, ADMPN_COD_SERVC, ADMPN_MNT_RECAR, ADMPC_APL_PUNTO, ADMPV_CAMPANA, ADMPV_CLAVE, ADMPN_MNTDCTO)
values ('SMSCD300', '1', 'PAQUETE SMS NACIONAL: 300', 195, 0, 'A', 276, 0, 'T', 'NOV-08', null, null);
insert into PCLUB.ADMPT_PREMIO (ADMPV_ID_PROCLA, ADMPV_COD_TPOPR, ADMPV_DESC, ADMPN_PUNTOS, ADMPN_PAGO, ADMPC_ESTADO, ADMPN_COD_SERVC, ADMPN_MNT_RECAR, ADMPC_APL_PUNTO, ADMPV_CAMPANA, ADMPV_CLAVE, ADMPN_MNTDCTO)
values ('SMSCD400', '1', 'PAQUETE SMS NACIONAL: 400', 260, 0, 'A', 277, 0, 'T', 'NOV-08', null, null);
insert into PCLUB.ADMPT_PREMIO (ADMPV_ID_PROCLA, ADMPV_COD_TPOPR, ADMPV_DESC, ADMPN_PUNTOS, ADMPN_PAGO, ADMPC_ESTADO, ADMPN_COD_SERVC, ADMPN_MNT_RECAR, ADMPC_APL_PUNTO, ADMPV_CAMPANA, ADMPV_CLAVE, ADMPN_MNTDCTO)
values ('SMSCD50', '1', 'PAQUETE SMS NACIONAL: 50', 35, 0, 'A', 273, 0, 'T', 'NOV-08', null, null);
insert into PCLUB.ADMPT_PREMIO (ADMPV_ID_PROCLA, ADMPV_COD_TPOPR, ADMPV_DESC, ADMPN_PUNTOS, ADMPN_PAGO, ADMPC_ESTADO, ADMPN_COD_SERVC, ADMPN_MNT_RECAR, ADMPC_APL_PUNTO, ADMPV_CAMPANA, ADMPV_CLAVE, ADMPN_MNTDCTO)
values ('SMSCD500', '1', 'PAQUETE SMS NACIONAL: 500', 325, 0, 'A', 278, 0, 'T', 'NOV-08', null, null);
insert into PCLUB.ADMPT_PREMIO (ADMPV_ID_PROCLA, ADMPV_COD_TPOPR, ADMPV_DESC, ADMPN_PUNTOS, ADMPN_PAGO, ADMPC_ESTADO, ADMPN_COD_SERVC, ADMPN_MNT_RECAR, ADMPC_APL_PUNTO, ADMPV_CAMPANA, ADMPV_CLAVE, ADMPN_MNTDCTO)
values ('RECPOSSOL20', '5', 'RECARGA S/.20', 240, 0, 'A', 287, 20, 'T', 'AGO-10', null, null);
insert into PCLUB.ADMPT_PREMIO (ADMPV_ID_PROCLA, ADMPV_COD_TPOPR, ADMPV_DESC, ADMPN_PUNTOS, ADMPN_PAGO, ADMPC_ESTADO, ADMPN_COD_SERVC, ADMPN_MNT_RECAR, ADMPC_APL_PUNTO, ADMPV_CAMPANA, ADMPV_CLAVE, ADMPN_MNTDCTO)
values ('BONRENESPE', '6', 'BONO DE DESCUENTO POR RENOVACION ESPECIAL', 0, 0, 'A', 0, 0, 'T', null, null, null);
insert into PCLUB.ADMPT_PREMIO (ADMPV_ID_PROCLA, ADMPV_COD_TPOPR, ADMPV_DESC, ADMPN_PUNTOS, ADMPN_PAGO, ADMPC_ESTADO, ADMPN_COD_SERVC, ADMPN_MNT_RECAR, ADMPC_APL_PUNTO, ADMPV_CAMPANA, ADMPV_CLAVE, ADMPN_MNTDCTO)
values ('RECPOSSOL10', '5', 'RECARGA S/.10', 120, 0, 'A', 286, 10, 'T', 'AGO-10', null, null);
insert into PCLUB.ADMPT_PREMIO (ADMPV_ID_PROCLA, ADMPV_COD_TPOPR, ADMPV_DESC, ADMPN_PUNTOS, ADMPN_PAGO, ADMPC_ESTADO, ADMPN_COD_SERVC, ADMPN_MNT_RECAR, ADMPC_APL_PUNTO, ADMPV_CAMPANA, ADMPV_CLAVE, ADMPN_MNTDCTO)
values ('RECPOSSOL30', '5', 'RECARGA S/.30', 350, 0, 'A', 288, 30, 'T', 'AGO-10', null, null);
insert into PCLUB.ADMPT_PREMIO (ADMPV_ID_PROCLA, ADMPV_COD_TPOPR, ADMPV_DESC, ADMPN_PUNTOS, ADMPN_PAGO, ADMPC_ESTADO, ADMPN_COD_SERVC, ADMPN_MNT_RECAR, ADMPC_APL_PUNTO, ADMPV_CAMPANA, ADMPV_CLAVE, ADMPN_MNTDCTO)
values ('RECPOSSOL40', '5', 'RECARGA S/.40', 470, 0, 'A', 289, 40, 'T', 'AGO-10', null, null);
insert into PCLUB.ADMPT_PREMIO (ADMPV_ID_PROCLA, ADMPV_COD_TPOPR, ADMPV_DESC, ADMPN_PUNTOS, ADMPN_PAGO, ADMPC_ESTADO, ADMPN_COD_SERVC, ADMPN_MNT_RECAR, ADMPC_APL_PUNTO, ADMPV_CAMPANA, ADMPV_CLAVE, ADMPN_MNTDCTO)
values ('RECPOSSOL60', '5', 'RECARGA S/.60', 700, 0, 'A', 293, 60, 'T', 'AGO-10', null, null);
insert into PCLUB.ADMPT_PREMIO (ADMPV_ID_PROCLA, ADMPV_COD_TPOPR, ADMPV_DESC, ADMPN_PUNTOS, ADMPN_PAGO, ADMPC_ESTADO, ADMPN_COD_SERVC, ADMPN_MNT_RECAR, ADMPC_APL_PUNTO, ADMPV_CAMPANA, ADMPV_CLAVE, ADMPN_MNTDCTO)
values ('RECPOSSOL120', '5', 'RECARGA S/.120', 1390, 0, 'A', 294, 120, 'T', 'AGO-10', null, null);
insert into PCLUB.ADMPT_PREMIO (ADMPV_ID_PROCLA, ADMPV_COD_TPOPR, ADMPV_DESC, ADMPN_PUNTOS, ADMPN_PAGO, ADMPC_ESTADO, ADMPN_COD_SERVC, ADMPN_MNT_RECAR, ADMPC_APL_PUNTO, ADMPV_CAMPANA, ADMPV_CLAVE, ADMPN_MNTDCTO) values ('DSCALTAEQ1','7', 'DESCUENTO EN EQUIPOS EN ALTAS S/.1',21,0,'A', null, 0, 'T', 'AGO-10', null,null);
insert into PCLUB.ADMPT_PREMIO (ADMPV_ID_PROCLA, ADMPV_COD_TPOPR, ADMPV_DESC, ADMPN_PUNTOS, ADMPN_PAGO, ADMPC_ESTADO, ADMPN_COD_SERVC, ADMPN_MNT_RECAR, ADMPC_APL_PUNTO, ADMPV_CAMPANA, ADMPV_CLAVE, ADMPN_MNTDCTO) values ('DSCALTAEQ5','7', 'DESCUENTO EN EQUIPOS EN ALTAS S/.5',105,0,'A', null, 0, 'T', 'AGO-10', null,null);
insert into PCLUB.ADMPT_PREMIO (ADMPV_ID_PROCLA, ADMPV_COD_TPOPR, ADMPV_DESC, ADMPN_PUNTOS, ADMPN_PAGO, ADMPC_ESTADO, ADMPN_COD_SERVC, ADMPN_MNT_RECAR, ADMPC_APL_PUNTO, ADMPV_CAMPANA, ADMPV_CLAVE, ADMPN_MNTDCTO) values ('DSCALTAEQ10','7', 'DESCUENTO EN EQUIPOS EN ALTAS S/.10',211,0,'A', null, 0, 'T', 'AGO-10', null,null);
insert into PCLUB.ADMPT_PREMIO (ADMPV_ID_PROCLA, ADMPV_COD_TPOPR, ADMPV_DESC, ADMPN_PUNTOS, ADMPN_PAGO, ADMPC_ESTADO, ADMPN_COD_SERVC, ADMPN_MNT_RECAR, ADMPC_APL_PUNTO, ADMPV_CAMPANA, ADMPV_CLAVE, ADMPN_MNTDCTO) values ('DSCALTAEQ20','7', 'DESCUENTO EN EQUIPOS EN ALTAS S/.20',422,0,'A', null, 0, 'T', 'AGO-10', null,null);
insert into PCLUB.ADMPT_PREMIO (ADMPV_ID_PROCLA, ADMPV_COD_TPOPR, ADMPV_DESC, ADMPN_PUNTOS, ADMPN_PAGO, ADMPC_ESTADO, ADMPN_COD_SERVC, ADMPN_MNT_RECAR, ADMPC_APL_PUNTO, ADMPV_CAMPANA, ADMPV_CLAVE, ADMPN_MNTDCTO) values ('DSCALTAEQ30','7', 'DESCUENTO EN EQUIPOS EN ALTAS S/.30',633,0,'A', null, 0, 'T', 'AGO-10', null,null);
insert into PCLUB.ADMPT_PREMIO (ADMPV_ID_PROCLA, ADMPV_COD_TPOPR, ADMPV_DESC, ADMPN_PUNTOS, ADMPN_PAGO, ADMPC_ESTADO, ADMPN_COD_SERVC, ADMPN_MNT_RECAR, ADMPC_APL_PUNTO, ADMPV_CAMPANA, ADMPV_CLAVE, ADMPN_MNTDCTO) values ('DSCALTAEQ40','7', 'DESCUENTO EN EQUIPOS EN ALTAS S/.40',844,0,'A', null, 0, 'T', 'AGO-10', null,null);
insert into PCLUB.ADMPT_PREMIO (ADMPV_ID_PROCLA, ADMPV_COD_TPOPR, ADMPV_DESC, ADMPN_PUNTOS, ADMPN_PAGO, ADMPC_ESTADO, ADMPN_COD_SERVC, ADMPN_MNT_RECAR, ADMPC_APL_PUNTO, ADMPV_CAMPANA, ADMPV_CLAVE, ADMPN_MNTDCTO) values ('DSCALTAEQ50','7', 'DESCUENTO EN EQUIPOS EN ALTAS S/.50',1055,0,'A', null, 0, 'T', 'AGO-10', null,null);
insert into PCLUB.ADMPT_PREMIO (ADMPV_ID_PROCLA, ADMPV_COD_TPOPR, ADMPV_DESC, ADMPN_PUNTOS, ADMPN_PAGO, ADMPC_ESTADO, ADMPN_COD_SERVC, ADMPN_MNT_RECAR, ADMPC_APL_PUNTO, ADMPV_CAMPANA, ADMPV_CLAVE, ADMPN_MNTDCTO) values ('DSCALTAEQ100','7', 'DESCUENTO EN EQUIPOS EN ALTAS S/.100',2110,0,'A', null, 0, 'T', 'AGO-10', null,null);
insert into PCLUB.ADMPT_PREMIO (ADMPV_ID_PROCLA, ADMPV_COD_TPOPR, ADMPV_DESC, ADMPN_PUNTOS, ADMPN_PAGO, ADMPC_ESTADO, ADMPN_COD_SERVC, ADMPN_MNT_RECAR, ADMPC_APL_PUNTO, ADMPV_CAMPANA, ADMPV_CLAVE, ADMPN_MNTDCTO) values ('DSCALTAEQ200','7', 'DESCUENTO EN EQUIPOS EN ALTAS S/.200',4219,0,'A', null, 0, 'T', 'AGO-10', null,null);
insert into PCLUB.ADMPT_PREMIO (ADMPV_ID_PROCLA, ADMPV_COD_TPOPR, ADMPV_DESC, ADMPN_PUNTOS, ADMPN_PAGO, ADMPC_ESTADO, ADMPN_COD_SERVC, ADMPN_MNT_RECAR, ADMPC_APL_PUNTO, ADMPV_CAMPANA, ADMPV_CLAVE, ADMPN_MNTDCTO) values ('DSCALTAEQ300','7', 'DESCUENTO EN EQUIPOS EN ALTAS S/.300',6329,0,'A', null, 0, 'T', 'AGO-10', null,null);
insert into PCLUB.ADMPT_PREMIO (ADMPV_ID_PROCLA, ADMPV_COD_TPOPR, ADMPV_DESC, ADMPN_PUNTOS, ADMPN_PAGO, ADMPC_ESTADO, ADMPN_COD_SERVC, ADMPN_MNT_RECAR, ADMPC_APL_PUNTO, ADMPV_CAMPANA, ADMPV_CLAVE, ADMPN_MNTDCTO) values ('DSCALTAEQ400','7', 'DESCUENTO EN EQUIPOS EN ALTAS S/.400',8439,0,'A', null, 0, 'T', 'AGO-10', null,null);
insert into PCLUB.ADMPT_PREMIO (ADMPV_ID_PROCLA, ADMPV_COD_TPOPR, ADMPV_DESC, ADMPN_PUNTOS, ADMPN_PAGO, ADMPC_ESTADO, ADMPN_COD_SERVC, ADMPN_MNT_RECAR, ADMPC_APL_PUNTO, ADMPV_CAMPANA, ADMPV_CLAVE, ADMPN_MNTDCTO) values ('DSCALTAEQ600','7', 'DESCUENTO EN EQUIPOS EN ALTAS S/.600',12658,0,'A', null, 0, 'T', 'AGO-10', null,null);
insert into pclub.admpt_premio (ADMPV_ID_PROCLA, ADMPV_COD_TPOPR, ADMPV_DESC, ADMPN_PUNTOS, ADMPN_PAGO, ADMPC_ESTADO, ADMPN_COD_SERVC, ADMPN_MNT_RECAR, ADMPC_APL_PUNTO, ADMPV_CAMPANA, ADMPV_CLAVE, ADMPN_MNTDCTO)
values ('COMBMER01', '3', '1 POLO BLANCO CON LOGO  + 1 LLAVERO FLEXIBLE', 100, 0, 'A', null, 0, 'T', 'ENE-11', '', null);
insert into pclub.admpt_premio (ADMPV_ID_PROCLA, ADMPV_COD_TPOPR, ADMPV_DESC, ADMPN_PUNTOS, ADMPN_PAGO, ADMPC_ESTADO, ADMPN_COD_SERVC, ADMPN_MNT_RECAR, ADMPC_APL_PUNTO, ADMPV_CAMPANA, ADMPV_CLAVE, ADMPN_MNTDCTO)
values ('COMBMER02', '3', '1 BOLSO MOCHILA CON LOGO + 1 TOMATODO + 1 GORRO TELA + 1 LLAVERO FLEXIBLE', 320, 0, 'A', null, 0, 'T', 'ENE-11', '', null);
insert into pclub.admpt_premio (ADMPV_ID_PROCLA, ADMPV_COD_TPOPR, ADMPV_DESC, ADMPN_PUNTOS, ADMPN_PAGO, ADMPC_ESTADO, ADMPN_COD_SERVC, ADMPN_MNT_RECAR, ADMPC_APL_PUNTO, ADMPV_CAMPANA, ADMPV_CLAVE, ADMPN_MNTDCTO)
values ('COMBMER03', '3', '1 POLO ROJO DRY FIT + 1 GORRO ROJO DRY FIT', 450, 0, 'A', null, 0, 'T', 'ENE-11', '', null);
insert into pclub.admpt_premio (ADMPV_ID_PROCLA, ADMPV_COD_TPOPR, ADMPV_DESC, ADMPN_PUNTOS, ADMPN_PAGO, ADMPC_ESTADO, ADMPN_COD_SERVC, ADMPN_MNT_RECAR, ADMPC_APL_PUNTO, ADMPV_CAMPANA, ADMPV_CLAVE, ADMPN_MNTDCTO)
values ('DSCREPST5', '8', 'DESCUENTO REPARACION POR SERVICIO TECNICO S/.5', 105, 0, 'A', null, 0, 'T', 'ENE-11', '', null);
insert into pclub.admpt_premio (ADMPV_ID_PROCLA, ADMPV_COD_TPOPR, ADMPV_DESC, ADMPN_PUNTOS, ADMPN_PAGO, ADMPC_ESTADO, ADMPN_COD_SERVC, ADMPN_MNT_RECAR, ADMPC_APL_PUNTO, ADMPV_CAMPANA, ADMPV_CLAVE, ADMPN_MNTDCTO)
values ('DSCREPST600', '8', 'DESCUENTO REPARACION POR SERVICIO TECNICO S/.600', 12250, 0, 'A', null, 0, 'T', 'ENE-11', '', null);
insert into pclub.admpt_premio (ADMPV_ID_PROCLA, ADMPV_COD_TPOPR, ADMPV_DESC, ADMPN_PUNTOS, ADMPN_PAGO, ADMPC_ESTADO, ADMPN_COD_SERVC, ADMPN_MNT_RECAR, ADMPC_APL_PUNTO, ADMPV_CAMPANA, ADMPV_CLAVE, ADMPN_MNTDCTO)
values ('DSCREPST400', '8', 'DESCUENTO REPARACION POR SERVICIO TECNICO S/.400', 8200, 0, 'A', null, 0, 'T', 'ENE-11', '', null);
insert into pclub.admpt_premio (ADMPV_ID_PROCLA, ADMPV_COD_TPOPR, ADMPV_DESC, ADMPN_PUNTOS, ADMPN_PAGO, ADMPC_ESTADO, ADMPN_COD_SERVC, ADMPN_MNT_RECAR, ADMPC_APL_PUNTO, ADMPV_CAMPANA, ADMPV_CLAVE, ADMPN_MNTDCTO)
values ('DSCREPST300', '8', 'DESCUENTO REPARACION POR SERVICIO TECNICO S/.300', 6150, 0, 'A', null, 0, 'T', 'ENE-11', '', null);
insert into pclub.admpt_premio (ADMPV_ID_PROCLA, ADMPV_COD_TPOPR, ADMPV_DESC, ADMPN_PUNTOS, ADMPN_PAGO, ADMPC_ESTADO, ADMPN_COD_SERVC, ADMPN_MNT_RECAR, ADMPC_APL_PUNTO, ADMPV_CAMPANA, ADMPV_CLAVE, ADMPN_MNTDCTO)
values ('DSCREPST200', '8', 'DESCUENTO REPARACION POR SERVICIO TECNICO S/.200', 4100, 0, 'A', null, 0, 'T', 'ENE-11', '', null);
insert into pclub.admpt_premio (ADMPV_ID_PROCLA, ADMPV_COD_TPOPR, ADMPV_DESC, ADMPN_PUNTOS, ADMPN_PAGO, ADMPC_ESTADO, ADMPN_COD_SERVC, ADMPN_MNT_RECAR, ADMPC_APL_PUNTO, ADMPV_CAMPANA, ADMPV_CLAVE, ADMPN_MNTDCTO)
values ('DSCREPST100', '8', 'DESCUENTO REPARACION POR SERVICIO TECNICO S/.100', 2050, 0, 'A', null, 0, 'T', 'ENE-11', '', null);
insert into pclub.admpt_premio (ADMPV_ID_PROCLA, ADMPV_COD_TPOPR, ADMPV_DESC, ADMPN_PUNTOS, ADMPN_PAGO, ADMPC_ESTADO, ADMPN_COD_SERVC, ADMPN_MNT_RECAR, ADMPC_APL_PUNTO, ADMPV_CAMPANA, ADMPV_CLAVE, ADMPN_MNTDCTO)
values ('DSCREPST50', '8', 'DESCUENTO REPARACION POR SERVICIO TECNICO S/.50', 1050, 0, 'A', null, 0, 'T', 'ENE-11', '', null);
insert into pclub.admpt_premio (ADMPV_ID_PROCLA, ADMPV_COD_TPOPR, ADMPV_DESC, ADMPN_PUNTOS, ADMPN_PAGO, ADMPC_ESTADO, ADMPN_COD_SERVC, ADMPN_MNT_RECAR, ADMPC_APL_PUNTO, ADMPV_CAMPANA, ADMPV_CLAVE, ADMPN_MNTDCTO)
values ('DSCREPST40', '8', 'DESCUENTO REPARACION POR SERVICIO TECNICO S/.40', 840, 0, 'A', null, 0, 'T', 'ENE-11', '', null);
insert into pclub.admpt_premio (ADMPV_ID_PROCLA, ADMPV_COD_TPOPR, ADMPV_DESC, ADMPN_PUNTOS, ADMPN_PAGO, ADMPC_ESTADO, ADMPN_COD_SERVC, ADMPN_MNT_RECAR, ADMPC_APL_PUNTO, ADMPV_CAMPANA, ADMPV_CLAVE, ADMPN_MNTDCTO)
values ('DSCREPST30', '8', 'DESCUENTO REPARACION POR SERVICIO TECNICO S/.30', 630, 0, 'A', null, 0, 'T', 'ENE-11', '', null);
insert into pclub.admpt_premio (ADMPV_ID_PROCLA, ADMPV_COD_TPOPR, ADMPV_DESC, ADMPN_PUNTOS, ADMPN_PAGO, ADMPC_ESTADO, ADMPN_COD_SERVC, ADMPN_MNT_RECAR, ADMPC_APL_PUNTO, ADMPV_CAMPANA, ADMPV_CLAVE, ADMPN_MNTDCTO)
values ('DSCREPST20', '8', 'DESCUENTO REPARACION POR SERVICIO TECNICO S/.20', 420, 0, 'A', null, 0, 'T', 'ENE-11', '', null);
insert into pclub.admpt_premio (ADMPV_ID_PROCLA, ADMPV_COD_TPOPR, ADMPV_DESC, ADMPN_PUNTOS, ADMPN_PAGO, ADMPC_ESTADO, ADMPN_COD_SERVC, ADMPN_MNT_RECAR, ADMPC_APL_PUNTO, ADMPV_CAMPANA, ADMPV_CLAVE, ADMPN_MNTDCTO)
values ('DSCREPST10', '8', 'DESCUENTO REPARACION POR SERVICIO TECNICO S/.10', 210, 0, 'A', null, 0, 'T', 'ENE-11', '', null);

insert into PCLUB.admpt_premio (ADMPV_ID_PROCLA, ADMPV_COD_TPOPR, ADMPV_DESC, ADMPN_PUNTOS, ADMPN_PAGO, ADMPC_ESTADO, ADMPN_COD_SERVC, ADMPN_MNT_RECAR, ADMPC_APL_PUNTO, ADMPV_CAMPANA, ADMPV_CLAVE, ADMPN_MNTDCTO) values ('MECLA00707', '3', 'MALETÍN CLAROCLUB', 345, 0, 'A', null, 0, 'T', 'ABR-11', '', null);
insert into PCLUB.admpt_premio (ADMPV_ID_PROCLA, ADMPV_COD_TPOPR, ADMPV_DESC, ADMPN_PUNTOS, ADMPN_PAGO, ADMPC_ESTADO, ADMPN_COD_SERVC, ADMPN_MNT_RECAR, ADMPC_APL_PUNTO, ADMPV_CAMPANA, ADMPV_CLAVE, ADMPN_MNTDCTO) values ('MECLA00710', '3', 'MOCHILA CLAROCLUB', 260, 0, 'A', null, 0, 'T', 'ABR-11', '', null);
insert into PCLUB.admpt_premio (ADMPV_ID_PROCLA, ADMPV_COD_TPOPR, ADMPV_DESC, ADMPN_PUNTOS, ADMPN_PAGO, ADMPC_ESTADO, ADMPN_COD_SERVC, ADMPN_MNT_RECAR, ADMPC_APL_PUNTO, ADMPV_CAMPANA, ADMPV_CLAVE, ADMPN_MNTDCTO) values ('MECLA00711', '3', 'MINI MOUSE', 290, 0, 'A', null, 0, 'T', 'ABR-11', '', null);
insert into PCLUB.admpt_premio (ADMPV_ID_PROCLA, ADMPV_COD_TPOPR, ADMPV_DESC, ADMPN_PUNTOS, ADMPN_PAGO, ADMPC_ESTADO, ADMPN_COD_SERVC, ADMPN_MNT_RECAR, ADMPC_APL_PUNTO, ADMPV_CAMPANA, ADMPV_CLAVE, ADMPN_MNTDCTO) values ('MECLA00712', '3', 'MULTIPUERTO USB', 330, 0, 'A', null, 0, 'T', 'ABR-11', '', null);
insert into PCLUB.admpt_premio (ADMPV_ID_PROCLA, ADMPV_COD_TPOPR, ADMPV_DESC, ADMPN_PUNTOS, ADMPN_PAGO, ADMPC_ESTADO, ADMPN_COD_SERVC, ADMPN_MNT_RECAR, ADMPC_APL_PUNTO, ADMPV_CAMPANA, ADMPV_CLAVE, ADMPN_MNTDCTO) values ('MECLA00713', '3', 'LAPICERO CON PUNTERO LASER', 260, 0, 'A', null, 0, 'T', 'ABR-11', '', null);
commit;

insert into pclub.admpt_equipo (admpv_cod_equ, admpv_dsc_equ) values('PBAL600A','Alcatel 600A');
insert into pclub.admpt_equipo (admpv_cod_equ, admpv_dsc_equ) values('PBAL708A','Alcatel 708A');
insert into pclub.admpt_equipo (admpv_cod_equ, admpv_dsc_equ) values('PBAL8000','Alcatel 800');
insert into pclub.admpt_equipo (admpv_cod_equ, admpv_dsc_equ) values('PBAL8800','Alcatel 880');
insert into pclub.admpt_equipo (admpv_cod_equ, admpv_dsc_equ) values('PBBB8120','BLACKBERRY 8120');
insert into pclub.admpt_equipo (admpv_cod_equ, admpv_dsc_equ) values('PBBB8220','Blackberry 8220 KICKSTAR');
insert into pclub.admpt_equipo (admpv_cod_equ, admpv_dsc_equ) values('PBBB8520','Blackberry 8520');
insert into pclub.admpt_equipo (admpv_cod_equ, admpv_dsc_equ) values('PBBB8700','Blackberry 8700');
insert into pclub.admpt_equipo (admpv_cod_equ, admpv_dsc_equ) values('PBBB8900','Blackberry 8900');
insert into pclub.admpt_equipo (admpv_cod_equ, admpv_dsc_equ) values('PBBB9100','Blackberry 9100');
insert into pclub.admpt_equipo (admpv_cod_equ, admpv_dsc_equ) values('PBBB9300','Blackberry 9300');
insert into pclub.admpt_equipo (admpv_cod_equ, admpv_dsc_equ) values('PBBB9700','Blackberry 9700');
insert into pclub.admpt_equipo (admpv_cod_equ, admpv_dsc_equ) values('PBBB9800','Blackberry 9800');
insert into pclub.admpt_equipo (admpv_cod_equ, admpv_dsc_equ) values('PBBB8320','BLACKBERRY 8320');
insert into pclub.admpt_equipo (admpv_cod_equ, admpv_dsc_equ) values('PBIP3G32','IPHONE 32GB 3GS');
insert into pclub.admpt_equipo (admpv_cod_equ, admpv_dsc_equ) values('PBIP4G16','IPHONE 4 16GB');
insert into pclub.admpt_equipo (admpv_cod_equ, admpv_dsc_equ) values('PBIP4G32','IPHONE 4 32GB');
insert into pclub.admpt_equipo (admpv_cod_equ, admpv_dsc_equ) values('PBIP3G08','IPHONE 8GB 3GS');
insert into pclub.admpt_equipo (admpv_cod_equ, admpv_dsc_equ) values('PBLGM205','LG GM205');
insert into pclub.admpt_equipo (admpv_cod_equ, admpv_dsc_equ) values('PBLGM210','LG GM210');
insert into pclub.admpt_equipo (admpv_cod_equ, admpv_dsc_equ) values('PBLGM630','LG GM630');
insert into pclub.admpt_equipo (admpv_cod_equ, admpv_dsc_equ) values('PBLGM600','LG GM600');
insert into pclub.admpt_equipo (admpv_cod_equ, admpv_dsc_equ) values('PBLGK300','LG KF300');
insert into pclub.admpt_equipo (admpv_cod_equ, admpv_dsc_equ) values('PBLGK570','LG KP570');
insert into pclub.admpt_equipo (admpv_cod_equ, admpv_dsc_equ) values('PBLGM550','LG MU550');
insert into pclub.admpt_equipo (admpv_cod_equ, admpv_dsc_equ) values('PBMOEM28','Motorola EM28');
insert into pclub.admpt_equipo (admpv_cod_equ, admpv_dsc_equ) values('PBNK2730','NOKIA 2730');
insert into pclub.admpt_equipo (admpv_cod_equ, admpv_dsc_equ) values('PBNK2630','Nokia 2630');
insert into pclub.admpt_equipo (admpv_cod_equ, admpv_dsc_equ) values('PBNK5530','NOKIA 5530');
insert into pclub.admpt_equipo (admpv_cod_equ, admpv_dsc_equ) values('PBNK5230','Nokia 5230');
insert into pclub.admpt_equipo (admpv_cod_equ, admpv_dsc_equ) values('PBNK5800','Nokia 5800');
insert into pclub.admpt_equipo (admpv_cod_equ, admpv_dsc_equ) values('PBNK6300','Nokia 6300');
insert into pclub.admpt_equipo (admpv_cod_equ, admpv_dsc_equ) values('PBNKC300','Nokia C3');
insert into pclub.admpt_equipo (admpv_cod_equ, admpv_dsc_equ) values('PBNKE630','Nokia E63');
insert into pclub.admpt_equipo (admpv_cod_equ, admpv_dsc_equ) values('PBNKE710','Nokia E71');
insert into pclub.admpt_equipo (admpv_cod_equ, admpv_dsc_equ) values('PBNKE720','Nokia E72');
insert into pclub.admpt_equipo (admpv_cod_equ, admpv_dsc_equ) values('PBNKN960','Nokia N96');
insert into pclub.admpt_equipo (admpv_cod_equ, admpv_dsc_equ) values('PBNKN970','Nokia N97 Mini');
insert into pclub.admpt_equipo (admpv_cod_equ, admpv_dsc_equ) values('PBNKX300','Nokia X3');
insert into pclub.admpt_equipo (admpv_cod_equ, admpv_dsc_equ) values('PBNKX600','Nokia X6');
insert into pclub.admpt_equipo (admpv_cod_equ, admpv_dsc_equ) values('PBSC3200','Samsung C3200');
insert into pclub.admpt_equipo (admpv_cod_equ, admpv_dsc_equ) values('PBSE1107','Samsung E1107 SOLAR');
insert into pclub.admpt_equipo (admpv_cod_equ, admpv_dsc_equ) values('PBSE2210','Samsung E2210');
insert into pclub.admpt_equipo (admpv_cod_equ, admpv_dsc_equ) values('PBSI6220','Samsung I6220 STAR TV');
insert into pclub.admpt_equipo (admpv_cod_equ, admpv_dsc_equ) values('PBSI6370','Samsung I637 JACKIE');
insert into pclub.admpt_equipo (admpv_cod_equ, admpv_dsc_equ) values('PBSM2310','Samsung M2310 CANCAN');
insert into pclub.admpt_equipo (admpv_cod_equ, admpv_dsc_equ) values('PBSM2510','Samsung M2510 DISCO');
insert into pclub.admpt_equipo (admpv_cod_equ, admpv_dsc_equ) values('PBSS3650','Samsung S3650 CORBY');
insert into pclub.admpt_equipo (admpv_cod_equ, admpv_dsc_equ) values('PBSS5230','Samsung S5230 STAR');
insert into pclub.admpt_equipo (admpv_cod_equ, admpv_dsc_equ) values('PBSS8500','Samsung S8500');
insert into pclub.admpt_equipo (admpv_cod_equ, admpv_dsc_equ) values('PBSI9000','SAMSUNG I9000B');
insert into pclub.admpt_equipo (admpv_cod_equ, admpv_dsc_equ) values('PBSU900L','Samsung U900L SOUL');
insert into pclub.admpt_equipo (admpv_cod_equ, admpv_dsc_equ) values('PBECC510','Sony Ericsson C510');
insert into pclub.admpt_equipo (admpv_cod_equ, admpv_dsc_equ) values('PBECC702','Sony Ericsson C702');
insert into pclub.admpt_equipo (admpv_cod_equ, admpv_dsc_equ) values('PBESATIO','SONY ERICSSON SATIO');
insert into pclub.admpt_equipo (admpv_cod_equ, admpv_dsc_equ) values('PBECJ105','Sony Ericsson J105');
insert into pclub.admpt_equipo (admpv_cod_equ, admpv_dsc_equ) values('PBECK850','Sony Ericsson K850');
insert into pclub.admpt_equipo (admpv_cod_equ, admpv_dsc_equ) values('PBECP100','Sony Ericsson P1');
insert into pclub.admpt_equipo (admpv_cod_equ, admpv_dsc_equ) values('PBECR300','Sony Ericsson R300');
insert into pclub.admpt_equipo (admpv_cod_equ, admpv_dsc_equ) values('PBECW205','Sony Ericsson W205');
insert into pclub.admpt_equipo (admpv_cod_equ, admpv_dsc_equ) values('PBECW395','Sony Ericsson W395');
insert into pclub.admpt_equipo (admpv_cod_equ, admpv_dsc_equ) values('PBECW508','Sony Ericsson W508');
insert into pclub.admpt_equipo (admpv_cod_equ, admpv_dsc_equ) values('PBECW705','Sony Ericsson W705');
insert into pclub.admpt_equipo (admpv_cod_equ, admpv_dsc_equ) values('PBECW760','Sony Ericsson W760');
insert into pclub.admpt_equipo (admpv_cod_equ, admpv_dsc_equ) values('PBECW910','Sony Ericsson W910');
insert into pclub.admpt_equipo (admpv_cod_equ, admpv_dsc_equ) values('PBECW980','Sony Ericsson W980');
insert into pclub.admpt_equipo (admpv_cod_equ, admpv_dsc_equ) values('PBECX010','Sony Ericsson X10');
insert into pclub.admpt_equipo (admpv_cod_equ, admpv_dsc_equ) values('PBECX10M','Sony Ericsson X10 MINI');
insert into pclub.admpt_equipo (admpv_cod_equ, admpv_dsc_equ) values('PBECX10P','Sony Ericsson X10 MINI PRO');
insert into pclub.admpt_equipo (admpv_cod_equ, admpv_dsc_equ) values('PBTCM004','TOCS M004');
insert into pclub.admpt_equipo (admpv_cod_equ, admpv_dsc_equ) values('PBUT1238','UTSTARCOM FM1238');
insert into pclub.admpt_equipo (admpv_cod_equ, admpv_dsc_equ) values('PBVKI500','Verykool I500');
insert into pclub.admpt_equipo (admpv_cod_equ, admpv_dsc_equ) values('PBZTN280','ZTE N280 TV');
commit;