--Tipo Premio

insert into pclub.admpt_tipo_premio (ADMPV_COD_TPOPR, ADMPV_DESC, ADMPC_ESTADO, ADMPN_ORDEN)
values ('10', 'Paquete SMS Prepago', 'A', 3);

insert into pclub.admpt_tipo_premio (ADMPV_COD_TPOPR, ADMPV_DESC, ADMPC_ESTADO, ADMPN_ORDEN)
values ('11', 'Paquete minutos on-net Prepago', 'A', 4);

insert into pclub.admpt_tipo_premio (ADMPV_COD_TPOPR, ADMPV_DESC, ADMPC_ESTADO, ADMPN_ORDEN)
values ('12', 'Paquete GPRS Prepago', 'A', 5);

insert into pclub.admpt_tipo_premio (ADMPV_COD_TPOPR, ADMPV_DESC, ADMPC_ESTADO, ADMPN_ORDEN)
values ('14', 'Productos Claro Prepago', 'A', 6);

insert into pclub.admpt_tipo_premio (ADMPV_COD_TPOPR, ADMPV_DESC, ADMPC_ESTADO, ADMPN_ORDEN)
values ('15', 'Dsctos. Equipos Prepago', 'A', 1);

insert into pclub.admpt_tipo_premio (ADMPV_COD_TPOPR, ADMPV_DESC, ADMPC_ESTADO, ADMPN_ORDEN)
values ('16', 'Dscto. de reparación por Servicio Técnico Prepago', 'A', 8);

insert into pclub.admpt_tipo_premio (ADMPV_COD_TPOPR, ADMPV_DESC, ADMPC_ESTADO, ADMPN_ORDEN)
values ('17', 'Descuento en equipos Sobre Altas Nuevas Prepago', 'A', 7);

insert into pclub.admpt_tipo_premio (ADMPV_COD_TPOPR, ADMPV_DESC, ADMPC_ESTADO, ADMPN_ORDEN)
values ('18', 'Cuponera Cliente Prepago', 'A', 9);

insert into pclub.admpt_tipo_premio (ADMPV_COD_TPOPR, ADMPV_DESC, ADMPC_ESTADO, ADMPN_ORDEN)
values ('19', 'Entrada CinePlanet Cliente Prepago', 'A', 10);

insert into pclub.admpt_tipo_premio (ADMPV_COD_TPOPR, ADMPV_DESC, ADMPC_ESTADO, ADMPN_ORDEN)
values ('9', 'Recarga Prepago', 'A', 2);

commit;

--Tipo Premio / Cliente

insert into pclub.admpt_tipo_premclie (ADMPV_COD_TPOPR, ADMPV_COD_TPOCL)
values ('10', '3');

insert into pclub.admpt_tipo_premclie (ADMPV_COD_TPOPR, ADMPV_COD_TPOCL)
values ('11', '3');

insert into pclub.admpt_tipo_premclie (ADMPV_COD_TPOPR, ADMPV_COD_TPOCL)
values ('12', '3');

insert into pclub.admpt_tipo_premclie (ADMPV_COD_TPOPR, ADMPV_COD_TPOCL)
values ('14', '3');

insert into pclub.admpt_tipo_premclie (ADMPV_COD_TPOPR, ADMPV_COD_TPOCL)
values ('15', '3');

insert into pclub.admpt_tipo_premclie (ADMPV_COD_TPOPR, ADMPV_COD_TPOCL)
values ('16', '3');

insert into pclub.admpt_tipo_premclie (ADMPV_COD_TPOPR, ADMPV_COD_TPOCL)
values ('17', '3');

insert into pclub.admpt_tipo_premclie (ADMPV_COD_TPOPR, ADMPV_COD_TPOCL)
values ('18', '3');

insert into pclub.admpt_tipo_premclie (ADMPV_COD_TPOPR, ADMPV_COD_TPOCL)
values ('19', '3');

insert into pclub.admpt_tipo_premclie (ADMPV_COD_TPOPR, ADMPV_COD_TPOCL)
values ('9', '3');

--Premio

insert into pclub.admpt_premio (ADMPV_ID_PROCLA, ADMPV_COD_TPOPR, ADMPV_DESC, ADMPN_PUNTOS, ADMPN_PAGO, ADMPC_ESTADO, ADMPN_COD_SERVC, ADMPN_MNT_RECAR, ADMPC_APL_PUNTO, ADMPV_CAMPANA, ADMPV_CLAVE, ADMPN_MNTDCTO)
values ('SMSCD50PRE', '10', 'PAQUETE SMS NACIONAL: 50', 35, 0, 'A', null, 50, 'T', 'FEB-11', 'SMS 50', null);

insert into pclub.admpt_premio (ADMPV_ID_PROCLA, ADMPV_COD_TPOPR, ADMPV_DESC, ADMPN_PUNTOS, ADMPN_PAGO, ADMPC_ESTADO, ADMPN_COD_SERVC, ADMPN_MNT_RECAR, ADMPC_APL_PUNTO, ADMPV_CAMPANA, ADMPV_CLAVE, ADMPN_MNTDCTO)
values ('SMSCD500PRE', '10', 'PAQUETE SMS NACIONAL: 500', 325, 0, 'A', null, 500, 'T', 'FEB-11', 'SMS 500', null);

insert into pclub.admpt_premio (ADMPV_ID_PROCLA, ADMPV_COD_TPOPR, ADMPV_DESC, ADMPN_PUNTOS, ADMPN_PAGO, ADMPC_ESTADO, ADMPN_COD_SERVC, ADMPN_MNT_RECAR, ADMPC_APL_PUNTO, ADMPV_CAMPANA, ADMPV_CLAVE, ADMPN_MNTDCTO)
values ('SMSCD400PRE', '10', 'PAQUETE SMS NACIONAL: 400', 260, 0, 'A', null, 400, 'T', 'FEB-11', 'SMS 400', null);

insert into pclub.admpt_premio (ADMPV_ID_PROCLA, ADMPV_COD_TPOPR, ADMPV_DESC, ADMPN_PUNTOS, ADMPN_PAGO, ADMPC_ESTADO, ADMPN_COD_SERVC, ADMPN_MNT_RECAR, ADMPC_APL_PUNTO, ADMPV_CAMPANA, ADMPV_CLAVE, ADMPN_MNTDCTO)
values ('SMSCD300PRE', '10', 'PAQUETE SMS NACIONAL: 300', 195, 0, 'A', null, 300, 'T', 'FEB-11', 'SMS 300', null);

insert into pclub.admpt_premio (ADMPV_ID_PROCLA, ADMPV_COD_TPOPR, ADMPV_DESC, ADMPN_PUNTOS, ADMPN_PAGO, ADMPC_ESTADO, ADMPN_COD_SERVC, ADMPN_MNT_RECAR, ADMPC_APL_PUNTO, ADMPV_CAMPANA, ADMPV_CLAVE, ADMPN_MNTDCTO)
values ('SMSCD20PRE', '10', 'PAQUETE SMS NACIONAL: 20', 15, 0, 'A', null, 20, 'T', 'FEB-11', 'SMS 20', null);

insert into pclub.admpt_premio (ADMPV_ID_PROCLA, ADMPV_COD_TPOPR, ADMPV_DESC, ADMPN_PUNTOS, ADMPN_PAGO, ADMPC_ESTADO, ADMPN_COD_SERVC, ADMPN_MNT_RECAR, ADMPC_APL_PUNTO, ADMPV_CAMPANA, ADMPV_CLAVE, ADMPN_MNTDCTO)
values ('SMSCD200PRE', '10', 'PAQUETE SMS NACIONAL: 200', 130, 0, 'A', null, 200, 'T', 'FEB-11', 'SMS 200', null);

insert into pclub.admpt_premio (ADMPV_ID_PROCLA, ADMPV_COD_TPOPR, ADMPV_DESC, ADMPN_PUNTOS, ADMPN_PAGO, ADMPC_ESTADO, ADMPN_COD_SERVC, ADMPN_MNT_RECAR, ADMPC_APL_PUNTO, ADMPV_CAMPANA, ADMPV_CLAVE, ADMPN_MNTDCTO)
values ('SMSCD10PRE', '10', 'PAQUETE SMS NACIONAL: 10', 10, 0, 'A', null, 10, 'T', 'FEB-11', 'SMS 10', null);

insert into pclub.admpt_premio (ADMPV_ID_PROCLA, ADMPV_COD_TPOPR, ADMPV_DESC, ADMPN_PUNTOS, ADMPN_PAGO, ADMPC_ESTADO, ADMPN_COD_SERVC, ADMPN_MNT_RECAR, ADMPC_APL_PUNTO, ADMPV_CAMPANA, ADMPV_CLAVE, ADMPN_MNTDCTO)
values ('SMSCD100PRE', '10', 'PAQUETE SMS NACIONAL: 100', 65, 0, 'A', null, 100, 'T', 'FEB-11', 'SMS 100', null);

insert into pclub.admpt_premio (ADMPV_ID_PROCLA, ADMPV_COD_TPOPR, ADMPV_DESC, ADMPN_PUNTOS, ADMPN_PAGO, ADMPC_ESTADO, ADMPN_COD_SERVC, ADMPN_MNT_RECAR, ADMPC_APL_PUNTO, ADMPV_CAMPANA, ADMPV_CLAVE, ADMPN_MNTDCTO)
values ('SMSCD1000PRE', '10', 'PAQUETE SMS NACIONAL: 1000', 645, 0, 'A', null, 1000, 'T', 'FEB-11', 'SMS 1000', null);

insert into pclub.admpt_premio (ADMPV_ID_PROCLA, ADMPV_COD_TPOPR, ADMPV_DESC, ADMPN_PUNTOS, ADMPN_PAGO, ADMPC_ESTADO, ADMPN_COD_SERVC, ADMPN_MNT_RECAR, ADMPC_APL_PUNTO, ADMPV_CAMPANA, ADMPV_CLAVE, ADMPN_MNTDCTO)
values ('RECSOL60PRE', '9', 'RECARGA S/.60', 700, 0, 'A', null, 60, 'T', 'FEB-11', 'REC 60', null);

insert into pclub.admpt_premio (ADMPV_ID_PROCLA, ADMPV_COD_TPOPR, ADMPV_DESC, ADMPN_PUNTOS, ADMPN_PAGO, ADMPC_ESTADO, ADMPN_COD_SERVC, ADMPN_MNT_RECAR, ADMPC_APL_PUNTO, ADMPV_CAMPANA, ADMPV_CLAVE, ADMPN_MNTDCTO)
values ('RECSOL40PRE', '9', 'RECARGA S/.40', 470, 0, 'A', null, 40, 'T', 'FEB-11', 'REC 40', null);

insert into pclub.admpt_premio (ADMPV_ID_PROCLA, ADMPV_COD_TPOPR, ADMPV_DESC, ADMPN_PUNTOS, ADMPN_PAGO, ADMPC_ESTADO, ADMPN_COD_SERVC, ADMPN_MNT_RECAR, ADMPC_APL_PUNTO, ADMPV_CAMPANA, ADMPV_CLAVE, ADMPN_MNTDCTO)
values ('RECSOL30PRE', '9', 'RECARGA S/.30', 350, 0, 'A', null, 30, 'T', 'FEB-11', 'REC 30', null);

insert into pclub.admpt_premio (ADMPV_ID_PROCLA, ADMPV_COD_TPOPR, ADMPV_DESC, ADMPN_PUNTOS, ADMPN_PAGO, ADMPC_ESTADO, ADMPN_COD_SERVC, ADMPN_MNT_RECAR, ADMPC_APL_PUNTO, ADMPV_CAMPANA, ADMPV_CLAVE, ADMPN_MNTDCTO)
values ('RECSOL20PRE', '9', 'RECARGA S/.20', 240, 0, 'A', null, 20, 'T', 'FEB-11', 'REC 20', null);

insert into pclub.admpt_premio (ADMPV_ID_PROCLA, ADMPV_COD_TPOPR, ADMPV_DESC, ADMPN_PUNTOS, ADMPN_PAGO, ADMPC_ESTADO, ADMPN_COD_SERVC, ADMPN_MNT_RECAR, ADMPC_APL_PUNTO, ADMPV_CAMPANA, ADMPV_CLAVE, ADMPN_MNTDCTO)
values ('RECSOL120PRE', '9', 'RECARGA S/.120', 1390, 0, 'A', null, 120, 'T', 'FEB-11', 'REC 120', null);

insert into pclub.admpt_premio (ADMPV_ID_PROCLA, ADMPV_COD_TPOPR, ADMPV_DESC, ADMPN_PUNTOS, ADMPN_PAGO, ADMPC_ESTADO, ADMPN_COD_SERVC, ADMPN_MNT_RECAR, ADMPC_APL_PUNTO, ADMPV_CAMPANA, ADMPV_CLAVE, ADMPN_MNTDCTO)
values ('RECSOL10PRE', '9', 'RECARGA S/.10', 120, 0, 'A', null, 10, 'T', 'FEB-11', 'REC 10', null);

insert into pclub.admpt_premio (ADMPV_ID_PROCLA, ADMPV_COD_TPOPR, ADMPV_DESC, ADMPN_PUNTOS, ADMPN_PAGO, ADMPC_ESTADO, ADMPN_COD_SERVC, ADMPN_MNT_RECAR, ADMPC_APL_PUNTO, ADMPV_CAMPANA, ADMPV_CLAVE, ADMPN_MNTDCTO)
values ('PROCINPLA400PRE', '19', 'Entrada CinePlanet
Cliente Prepago', 250, 0, 'A', null, 0, 'T', 'MAY-11', '', null);

insert into pclub.admpt_premio (ADMPV_ID_PROCLA, ADMPV_COD_TPOPR, ADMPV_DESC, ADMPN_PUNTOS, ADMPN_PAGO, ADMPC_ESTADO, ADMPN_COD_SERVC, ADMPN_MNT_RECAR, ADMPC_APL_PUNTO, ADMPV_CAMPANA, ADMPV_CLAVE, ADMPN_MNTDCTO)
values ('PAQGPRSD02PRE', '12', 'Internet Prepago 2 Días', 317, 0, 'A', null, 0, 'T', 'MAY-11', '2DIAS', 2);

insert into pclub.admpt_premio (ADMPV_ID_PROCLA, ADMPV_COD_TPOPR, ADMPV_DESC, ADMPN_PUNTOS, ADMPN_PAGO, ADMPC_ESTADO, ADMPN_COD_SERVC, ADMPN_MNT_RECAR, ADMPC_APL_PUNTO, ADMPV_CAMPANA, ADMPV_CLAVE, ADMPN_MNTDCTO)
values ('MINONNET80PRE', '11', 'PAQUETE MINUTOS ONNET: 80', 130, 0, 'A', null, 80, 'T', 'FEB-11', 'MIN 80', null);

insert into pclub.admpt_premio (ADMPV_ID_PROCLA, ADMPV_COD_TPOPR, ADMPV_DESC, ADMPN_PUNTOS, ADMPN_PAGO, ADMPC_ESTADO, ADMPN_COD_SERVC, ADMPN_MNT_RECAR, ADMPC_APL_PUNTO, ADMPV_CAMPANA, ADMPV_CLAVE, ADMPN_MNTDCTO)
values ('MINONNET65PRE', '11', 'PAQUETE MINUTOS ONNET: 65', 105, 0, 'A', null, 65, 'T', 'FEB-11', 'MIN 65', null);

insert into pclub.admpt_premio (ADMPV_ID_PROCLA, ADMPV_COD_TPOPR, ADMPV_DESC, ADMPN_PUNTOS, ADMPN_PAGO, ADMPC_ESTADO, ADMPN_COD_SERVC, ADMPN_MNT_RECAR, ADMPC_APL_PUNTO, ADMPV_CAMPANA, ADMPV_CLAVE, ADMPN_MNTDCTO)
values ('MINONNET40PRE', '11', 'PAQUETE MINUTOS ONNET: 40', 65, 0, 'A', null, 40, 'T', 'FEB-11', 'MIN 40', null);

insert into pclub.admpt_premio (ADMPV_ID_PROCLA, ADMPV_COD_TPOPR, ADMPV_DESC, ADMPN_PUNTOS, ADMPN_PAGO, ADMPC_ESTADO, ADMPN_COD_SERVC, ADMPN_MNT_RECAR, ADMPC_APL_PUNTO, ADMPV_CAMPANA, ADMPV_CLAVE, ADMPN_MNTDCTO)
values ('MINONNET25PRE', '11', 'PAQUETE MINUTOS ONNET: 25', 40, 0, 'A', null, 25, 'T', 'FEB-11', 'MIN 25', null);

insert into pclub.admpt_premio (ADMPV_ID_PROCLA, ADMPV_COD_TPOPR, ADMPV_DESC, ADMPN_PUNTOS, ADMPN_PAGO, ADMPC_ESTADO, ADMPN_COD_SERVC, ADMPN_MNT_RECAR, ADMPC_APL_PUNTO, ADMPV_CAMPANA, ADMPV_CLAVE, ADMPN_MNTDCTO)
values ('MINONNET10PRE', '11', 'PAQUETE MINUTOS ONNET: 10', 20, 0, 'A', null, 10, 'T', 'FEB-11', 'MIN 10', null);

insert into pclub.admpt_premio (ADMPV_ID_PROCLA, ADMPV_COD_TPOPR, ADMPV_DESC, ADMPN_PUNTOS, ADMPN_PAGO, ADMPC_ESTADO, ADMPN_COD_SERVC, ADMPN_MNT_RECAR, ADMPC_APL_PUNTO, ADMPV_CAMPANA, ADMPV_CLAVE, ADMPN_MNTDCTO)
values ('MINONNET100PRE', '11', 'PAQUETE MINUTOS ONNET: 100', 160, 0, 'A', null, 100, 'T', 'FEB-11', 'MIN 100', null);

insert into pclub.admpt_premio (ADMPV_ID_PROCLA, ADMPV_COD_TPOPR, ADMPV_DESC, ADMPN_PUNTOS, ADMPN_PAGO, ADMPC_ESTADO, ADMPN_COD_SERVC, ADMPN_MNT_RECAR, ADMPC_APL_PUNTO, ADMPV_CAMPANA, ADMPV_CLAVE, ADMPN_MNTDCTO)
values ('MECLA00713PRE', '14', 'Lapicero con Puntero Laser', 260, 0, 'A', null, 0, 'T', 'MAY-11', '', null);

insert into pclub.admpt_premio (ADMPV_ID_PROCLA, ADMPV_COD_TPOPR, ADMPV_DESC, ADMPN_PUNTOS, ADMPN_PAGO, ADMPC_ESTADO, ADMPN_COD_SERVC, ADMPN_MNT_RECAR, ADMPC_APL_PUNTO, ADMPV_CAMPANA, ADMPV_CLAVE, ADMPN_MNTDCTO)
values ('MECLA00712PRE', '14', 'Multipuerto USB', 330, 0, 'A', null, 0, 'T', 'MAY-11', '', null);

insert into pclub.admpt_premio (ADMPV_ID_PROCLA, ADMPV_COD_TPOPR, ADMPV_DESC, ADMPN_PUNTOS, ADMPN_PAGO, ADMPC_ESTADO, ADMPN_COD_SERVC, ADMPN_MNT_RECAR, ADMPC_APL_PUNTO, ADMPV_CAMPANA, ADMPV_CLAVE, ADMPN_MNTDCTO)
values ('MECLA00711PRE', '14', 'Mini Mouse', 290, 0, 'A', null, 0, 'T', 'MAY-11', '', null);

insert into pclub.admpt_premio (ADMPV_ID_PROCLA, ADMPV_COD_TPOPR, ADMPV_DESC, ADMPN_PUNTOS, ADMPN_PAGO, ADMPC_ESTADO, ADMPN_COD_SERVC, ADMPN_MNT_RECAR, ADMPC_APL_PUNTO, ADMPV_CAMPANA, ADMPV_CLAVE, ADMPN_MNTDCTO)
values ('MECLA00710PRE', '14', 'Mochilas', 260, 0, 'A', null, 0, 'T', 'MAY-11', '', null);

insert into pclub.admpt_premio (ADMPV_ID_PROCLA, ADMPV_COD_TPOPR, ADMPV_DESC, ADMPN_PUNTOS, ADMPN_PAGO, ADMPC_ESTADO, ADMPN_COD_SERVC, ADMPN_MNT_RECAR, ADMPC_APL_PUNTO, ADMPV_CAMPANA, ADMPV_CLAVE, ADMPN_MNTDCTO)
values ('MECLA00707PRE', '14', 'Maletin', 345, 0, 'A', null, 0, 'T', 'MAY-11', '', null);

insert into pclub.admpt_premio (ADMPV_ID_PROCLA, ADMPV_COD_TPOPR, ADMPV_DESC, ADMPN_PUNTOS, ADMPN_PAGO, ADMPC_ESTADO, ADMPN_COD_SERVC, ADMPN_MNT_RECAR, ADMPC_APL_PUNTO, ADMPV_CAMPANA, ADMPV_CLAVE, ADMPN_MNTDCTO)
values ('MECLA00579PRE', '14', 'Gorro Rojo Dry Fit Claro Club', 170, 0, 'A', null, 0, 'T', 'MAY-11', '', null);

insert into pclub.admpt_premio (ADMPV_ID_PROCLA, ADMPV_COD_TPOPR, ADMPV_DESC, ADMPN_PUNTOS, ADMPN_PAGO, ADMPC_ESTADO, ADMPN_COD_SERVC, ADMPN_MNT_RECAR, ADMPC_APL_PUNTO, ADMPV_CAMPANA, ADMPV_CLAVE, ADMPN_MNTDCTO)
values ('MECLA00578PRE', '14', 'Polos Rojos Dry Fit Claro Club', 395, 0, 'A', null, 0, 'T', 'MAY-11', '', null);

insert into pclub.admpt_premio (ADMPV_ID_PROCLA, ADMPV_COD_TPOPR, ADMPV_DESC, ADMPN_PUNTOS, ADMPN_PAGO, ADMPC_ESTADO, ADMPN_COD_SERVC, ADMPN_MNT_RECAR, ADMPC_APL_PUNTO, ADMPV_CAMPANA, ADMPV_CLAVE, ADMPN_MNTDCTO)
values ('MECLA00518PRE', '14', 'Bolso Mochila Color Gris Logo Claro', 190, 0, 'A', null, 0, 'T', 'MAY-11', '', null);

insert into pclub.admpt_premio (ADMPV_ID_PROCLA, ADMPV_COD_TPOPR, ADMPV_DESC, ADMPN_PUNTOS, ADMPN_PAGO, ADMPC_ESTADO, ADMPN_COD_SERVC, ADMPN_MNT_RECAR, ADMPC_APL_PUNTO, ADMPV_CAMPANA, ADMPV_CLAVE, ADMPN_MNTDCTO)
values ('MECLA00466PRE', '14', 'Maletin Grande Rojo con Logo Claro ', 550, 0, 'A', null, 0, 'T', 'MAY-11', '', null);

insert into pclub.admpt_premio (ADMPV_ID_PROCLA, ADMPV_COD_TPOPR, ADMPV_DESC, ADMPN_PUNTOS, ADMPN_PAGO, ADMPC_ESTADO, ADMPN_COD_SERVC, ADMPN_MNT_RECAR, ADMPC_APL_PUNTO, ADMPV_CAMPANA, ADMPV_CLAVE, ADMPN_MNTDCTO)
values ('MECLA00464PRE', '14', 'Maletin Mediano Rojo Logo Claro', 430, 0, 'A', null, 0, 'T', 'MAY-11', '', null);

insert into pclub.admpt_premio (ADMPV_ID_PROCLA, ADMPV_COD_TPOPR, ADMPV_DESC, ADMPN_PUNTOS, ADMPN_PAGO, ADMPC_ESTADO, ADMPN_COD_SERVC, ADMPN_MNT_RECAR, ADMPC_APL_PUNTO, ADMPV_CAMPANA, ADMPV_CLAVE, ADMPN_MNTDCTO)
values ('MECLA00461PRE', '14', 'Polo Blanco Manga Corta Logo Claro', 90, 0, 'A', null, 0, 'T', 'MAY-11', '', null);

insert into pclub.admpt_premio (ADMPV_ID_PROCLA, ADMPV_COD_TPOPR, ADMPV_DESC, ADMPN_PUNTOS, ADMPN_PAGO, ADMPC_ESTADO, ADMPN_COD_SERVC, ADMPN_MNT_RECAR, ADMPC_APL_PUNTO, ADMPV_CAMPANA, ADMPV_CLAVE, ADMPN_MNTDCTO)
values ('MECLA00457PRE', '14', 'Gorro Dry Fit', 140, 0, 'A', null, 0, 'T', 'MAY-11', '', null);

insert into pclub.admpt_premio (ADMPV_ID_PROCLA, ADMPV_COD_TPOPR, ADMPV_DESC, ADMPN_PUNTOS, ADMPN_PAGO, ADMPC_ESTADO, ADMPN_COD_SERVC, ADMPN_MNT_RECAR, ADMPC_APL_PUNTO, ADMPV_CAMPANA, ADMPV_CLAVE, ADMPN_MNTDCTO)
values ('MECLA00456PRE', '14', 'Polo Dry Fit', 250, 0, 'A', null, 0, 'T', 'MAY-11', '', null);

insert into pclub.admpt_premio (ADMPV_ID_PROCLA, ADMPV_COD_TPOPR, ADMPV_DESC, ADMPN_PUNTOS, ADMPN_PAGO, ADMPC_ESTADO, ADMPN_COD_SERVC, ADMPN_MNT_RECAR, ADMPC_APL_PUNTO, ADMPV_CAMPANA, ADMPV_CLAVE, ADMPN_MNTDCTO)
values ('MECLA00448PRE', '14', 'Sombrilla Taslan', 495, 0, 'A', null, 0, 'T', 'MAY-11', '', null);

insert into pclub.admpt_premio (ADMPV_ID_PROCLA, ADMPV_COD_TPOPR, ADMPV_DESC, ADMPN_PUNTOS, ADMPN_PAGO, ADMPC_ESTADO, ADMPN_COD_SERVC, ADMPN_MNT_RECAR, ADMPC_APL_PUNTO, ADMPV_CAMPANA, ADMPV_CLAVE, ADMPN_MNTDCTO)
values ('MECLA00447PRE', '14', 'Sombrilla de lino Plastificado', 760, 0, 'A', null, 0, 'T', 'MAY-11', '', null);

insert into pclub.admpt_premio (ADMPV_ID_PROCLA, ADMPV_COD_TPOPR, ADMPV_DESC, ADMPN_PUNTOS, ADMPN_PAGO, ADMPC_ESTADO, ADMPN_COD_SERVC, ADMPN_MNT_RECAR, ADMPC_APL_PUNTO, ADMPV_CAMPANA, ADMPV_CLAVE, ADMPN_MNTDCTO)
values ('MECLA00419PRE', '14', 'Tomatodo Modelo Nuevo Logo Claro ', 70, 0, 'A', null, 0, 'T', 'MAY-11', '', null);

insert into pclub.admpt_premio (ADMPV_ID_PROCLA, ADMPV_COD_TPOPR, ADMPV_DESC, ADMPN_PUNTOS, ADMPN_PAGO, ADMPC_ESTADO, ADMPN_COD_SERVC, ADMPN_MNT_RECAR, ADMPC_APL_PUNTO, ADMPV_CAMPANA, ADMPV_CLAVE, ADMPN_MNTDCTO)
values ('MECLA00358PRE', '14', 'Banquito cruzado playa', 341, 0, 'A', null, 0, 'T', 'MAY-11', '', null);

insert into pclub.admpt_premio (ADMPV_ID_PROCLA, ADMPV_COD_TPOPR, ADMPV_DESC, ADMPN_PUNTOS, ADMPN_PAGO, ADMPC_ESTADO, ADMPN_COD_SERVC, ADMPN_MNT_RECAR, ADMPC_APL_PUNTO, ADMPV_CAMPANA, ADMPV_CLAVE, ADMPN_MNTDCTO)
values ('MECLA00351PRE', '14', 'Sombrillas de lino para playa', 820, 0, 'A', null, 0, 'T', 'MAY-11', '', null);

insert into pclub.admpt_premio (ADMPV_ID_PROCLA, ADMPV_COD_TPOPR, ADMPV_DESC, ADMPN_PUNTOS, ADMPN_PAGO, ADMPC_ESTADO, ADMPN_COD_SERVC, ADMPN_MNT_RECAR, ADMPC_APL_PUNTO, ADMPV_CAMPANA, ADMPV_CLAVE, ADMPN_MNTDCTO)
values ('MECLA00343PRE', '14', 'Gorro Drill Rojo Logo Claro', 90, 0, 'A', null, 0, 'T', 'MAY-11', '', null);

insert into pclub.admpt_premio (ADMPV_ID_PROCLA, ADMPV_COD_TPOPR, ADMPV_DESC, ADMPN_PUNTOS, ADMPN_PAGO, ADMPC_ESTADO, ADMPN_COD_SERVC, ADMPN_MNT_RECAR, ADMPC_APL_PUNTO, ADMPV_CAMPANA, ADMPV_CLAVE, ADMPN_MNTDCTO)
values ('MECLA00298PRE', '14', 'Gorro Claro', 90, 0, 'A', null, 0, 'T', 'MAY-11', '', null);

insert into pclub.admpt_premio (ADMPV_ID_PROCLA, ADMPV_COD_TPOPR, ADMPV_DESC, ADMPN_PUNTOS, ADMPN_PAGO, ADMPC_ESTADO, ADMPN_COD_SERVC, ADMPN_MNT_RECAR, ADMPC_APL_PUNTO, ADMPV_CAMPANA, ADMPV_CLAVE, ADMPN_MNTDCTO)
values ('MECLA00297PRE', '14', 'Canguro Rojo Logo Claro Generico', 137, 0, 'A', null, 0, 'T', 'MAY-11', '', null);

insert into pclub.admpt_premio (ADMPV_ID_PROCLA, ADMPV_COD_TPOPR, ADMPV_DESC, ADMPN_PUNTOS, ADMPN_PAGO, ADMPC_ESTADO, ADMPN_COD_SERVC, ADMPN_MNT_RECAR, ADMPC_APL_PUNTO, ADMPV_CAMPANA, ADMPV_CLAVE, ADMPN_MNTDCTO)
values ('MECLA00295PRE', '14', 'Llavero Claro', 30, 0, 'A', null, 0, 'T', 'MAY-11', '', null);

insert into pclub.admpt_premio (ADMPV_ID_PROCLA, ADMPV_COD_TPOPR, ADMPV_DESC, ADMPN_PUNTOS, ADMPN_PAGO, ADMPC_ESTADO, ADMPN_COD_SERVC, ADMPN_MNT_RECAR, ADMPC_APL_PUNTO, ADMPV_CAMPANA, ADMPV_CLAVE, ADMPN_MNTDCTO)
values ('MECLA00291PRE', '14', 'Paleta de playa', 234, 0, 'A', null, 0, 'T', 'MAY-11', '', null);

insert into pclub.admpt_premio (ADMPV_ID_PROCLA, ADMPV_COD_TPOPR, ADMPV_DESC, ADMPN_PUNTOS, ADMPN_PAGO, ADMPC_ESTADO, ADMPN_COD_SERVC, ADMPN_MNT_RECAR, ADMPC_APL_PUNTO, ADMPV_CAMPANA, ADMPV_CLAVE, ADMPN_MNTDCTO)
values ('MECLA00280PRE', '14', 'Gorro Tela Taslan Bordada', 90, 0, 'A', null, 0, 'T', 'MAY-11', '', null);

insert into pclub.admpt_premio (ADMPV_ID_PROCLA, ADMPV_COD_TPOPR, ADMPV_DESC, ADMPN_PUNTOS, ADMPN_PAGO, ADMPC_ESTADO, ADMPN_COD_SERVC, ADMPN_MNT_RECAR, ADMPC_APL_PUNTO, ADMPV_CAMPANA, ADMPV_CLAVE, ADMPN_MNTDCTO)
values ('MECLA00271PRE', '14', 'Bolso taslan rojo ajustable playa', 159, 0, 'A', null, 0, 'T', 'MAY-11', '', null);

insert into pclub.admpt_premio (ADMPV_ID_PROCLA, ADMPV_COD_TPOPR, ADMPV_DESC, ADMPN_PUNTOS, ADMPN_PAGO, ADMPC_ESTADO, ADMPN_COD_SERVC, ADMPN_MNT_RECAR, ADMPC_APL_PUNTO, ADMPV_CAMPANA, ADMPV_CLAVE, ADMPN_MNTDCTO)
values ('MECLA00258PRE', '14', 'Flotador plastico inflable pla', 255, 0, 'A', null, 0, 'T', 'MAY-11', '', null);

insert into pclub.admpt_premio (ADMPV_ID_PROCLA, ADMPV_COD_TPOPR, ADMPV_DESC, ADMPN_PUNTOS, ADMPN_PAGO, ADMPC_ESTADO, ADMPN_COD_SERVC, ADMPN_MNT_RECAR, ADMPC_APL_PUNTO, ADMPV_CAMPANA, ADMPV_CLAVE, ADMPN_MNTDCTO)
values ('MECLA00256PRE', '14', 'Toalla de Playa', 470, 0, 'A', null, 0, 'T', 'MAY-11', '', null);

insert into pclub.admpt_premio (ADMPV_ID_PROCLA, ADMPV_COD_TPOPR, ADMPV_DESC, ADMPN_PUNTOS, ADMPN_PAGO, ADMPC_ESTADO, ADMPN_COD_SERVC, ADMPN_MNT_RECAR, ADMPC_APL_PUNTO, ADMPV_CAMPANA, ADMPV_CLAVE, ADMPN_MNTDCTO)
values ('MECLA00231PRE', '14', 'Flotador de brazos inflable de playa', 64, 0, 'A', null, 0, 'T', 'MAY-11', '', null);

insert into pclub.admpt_premio (ADMPV_ID_PROCLA, ADMPV_COD_TPOPR, ADMPV_DESC, ADMPN_PUNTOS, ADMPN_PAGO, ADMPC_ESTADO, ADMPN_COD_SERVC, ADMPN_MNT_RECAR, ADMPC_APL_PUNTO, ADMPV_CAMPANA, ADMPV_CLAVE, ADMPN_MNTDCTO)
values ('MECLA00199PRE', '14', 'Cabecera de Playa Rojo Claro', 85, 0, 'A', null, 0, 'T', 'MAY-11', '', null);

insert into pclub.admpt_premio (ADMPV_ID_PROCLA, ADMPV_COD_TPOPR, ADMPV_DESC, ADMPN_PUNTOS, ADMPN_PAGO, ADMPC_ESTADO, ADMPN_COD_SERVC, ADMPN_MNT_RECAR, ADMPC_APL_PUNTO, ADMPV_CAMPANA, ADMPV_CLAVE, ADMPN_MNTDCTO)
values ('MECLA00157PRE', '14', 'Banco para Playa con Lona Roja y Logo', 330, 0, 'A', null, 0, 'T', 'MAY-11', '', null);

insert into pclub.admpt_premio (ADMPV_ID_PROCLA, ADMPV_COD_TPOPR, ADMPV_DESC, ADMPN_PUNTOS, ADMPN_PAGO, ADMPC_ESTADO, ADMPN_COD_SERVC, ADMPN_MNT_RECAR, ADMPC_APL_PUNTO, ADMPV_CAMPANA, ADMPV_CLAVE, ADMPN_MNTDCTO)
values ('MECLA00152PRE', '14', 'Mesa de Playa Roja con Logo Claro', 435, 0, 'A', null, 0, 'T', 'MAY-11', '', null);

insert into pclub.admpt_premio (ADMPV_ID_PROCLA, ADMPV_COD_TPOPR, ADMPV_DESC, ADMPN_PUNTOS, ADMPN_PAGO, ADMPC_ESTADO, ADMPN_COD_SERVC, ADMPN_MNT_RECAR, ADMPC_APL_PUNTO, ADMPV_CAMPANA, ADMPV_CLAVE, ADMPN_MNTDCTO)
values ('MECLA00144PRE', '14', 'Pelota Inflable de Playa', 45, 0, 'A', null, 0, 'T', 'MAY-11', '', null);

insert into pclub.admpt_premio (ADMPV_ID_PROCLA, ADMPV_COD_TPOPR, ADMPV_DESC, ADMPN_PUNTOS, ADMPN_PAGO, ADMPC_ESTADO, ADMPN_COD_SERVC, ADMPN_MNT_RECAR, ADMPC_APL_PUNTO, ADMPV_CAMPANA, ADMPV_CLAVE, ADMPN_MNTDCTO)
values ('MECLA00113PRE', '14', 'Cortaviento de Tela Rojo con Logo Claro', 375, 0, 'A', null, 0, 'T', 'MAY-11', '', null);

insert into pclub.admpt_premio (ADMPV_ID_PROCLA, ADMPV_COD_TPOPR, ADMPV_DESC, ADMPN_PUNTOS, ADMPN_PAGO, ADMPC_ESTADO, ADMPN_COD_SERVC, ADMPN_MNT_RECAR, ADMPC_APL_PUNTO, ADMPV_CAMPANA, ADMPV_CLAVE, ADMPN_MNTDCTO)
values ('MECLA00112PRE', '14', 'Casaca Roja Polar', 375, 0, 'A', null, 0, 'T', 'MAY-11', '', null);

insert into pclub.admpt_premio (ADMPV_ID_PROCLA, ADMPV_COD_TPOPR, ADMPV_DESC, ADMPN_PUNTOS, ADMPN_PAGO, ADMPC_ESTADO, ADMPN_COD_SERVC, ADMPN_MNT_RECAR, ADMPC_APL_PUNTO, ADMPV_CAMPANA, ADMPV_CLAVE, ADMPN_MNTDCTO)
values ('MECLA00073PRE', '14', 'Pelota inflable de playa', 64, 0, 'A', null, 0, 'T', 'MAY-11', '', null);

insert into pclub.admpt_premio (ADMPV_ID_PROCLA, ADMPV_COD_TPOPR, ADMPV_DESC, ADMPN_PUNTOS, ADMPN_PAGO, ADMPC_ESTADO, ADMPN_COD_SERVC, ADMPN_MNT_RECAR, ADMPC_APL_PUNTO, ADMPV_CAMPANA, ADMPV_CLAVE, ADMPN_MNTDCTO)
values ('MECLA00063PRE', '14', 'Llavero PVC Flexible Claro', 30, 0, 'A', null, 0, 'T', 'MAY-11', '', null);

insert into pclub.admpt_premio (ADMPV_ID_PROCLA, ADMPV_COD_TPOPR, ADMPV_DESC, ADMPN_PUNTOS, ADMPN_PAGO, ADMPC_ESTADO, ADMPN_COD_SERVC, ADMPN_MNT_RECAR, ADMPC_APL_PUNTO, ADMPV_CAMPANA, ADMPV_CLAVE, ADMPN_MNTDCTO)
values ('MECLA00024PRE', '14', 'Polo Blanco', 90, 0, 'A', null, 0, 'T', 'MAY-11', '', null);

insert into pclub.admpt_premio (ADMPV_ID_PROCLA, ADMPV_COD_TPOPR, ADMPV_DESC, ADMPN_PUNTOS, ADMPN_PAGO, ADMPC_ESTADO, ADMPN_COD_SERVC, ADMPN_MNT_RECAR, ADMPC_APL_PUNTO, ADMPV_CAMPANA, ADMPV_CLAVE, ADMPN_MNTDCTO)
values ('MECLA00006PRE', '14', 'Maletin Rectangular', 430, 0, 'A', null, 0, 'T', 'MAY-11', '', null);

insert into pclub.admpt_premio (ADMPV_ID_PROCLA, ADMPV_COD_TPOPR, ADMPV_DESC, ADMPN_PUNTOS, ADMPN_PAGO, ADMPC_ESTADO, ADMPN_COD_SERVC, ADMPN_MNT_RECAR, ADMPC_APL_PUNTO, ADMPV_CAMPANA, ADMPV_CLAVE, ADMPN_MNTDCTO)
values ('MECLA00002PRE', '14', 'Pelota Roja con Logo Claro', 45, 0, 'A', null, 0, 'T', 'MAY-11', '', null);

insert into pclub.admpt_premio (ADMPV_ID_PROCLA, ADMPV_COD_TPOPR, ADMPV_DESC, ADMPN_PUNTOS, ADMPN_PAGO, ADMPC_ESTADO, ADMPN_COD_SERVC, ADMPN_MNT_RECAR, ADMPC_APL_PUNTO, ADMPV_CAMPANA, ADMPV_CLAVE, ADMPN_MNTDCTO)
values ('DSCREPST600PRE', '16', 'DESCUENTO REPARACION POR SERVICIO TECNICO S/.600', 12658, 0, 'A', null, 0, 'T', 'MAY-11', '', null);

insert into pclub.admpt_premio (ADMPV_ID_PROCLA, ADMPV_COD_TPOPR, ADMPV_DESC, ADMPN_PUNTOS, ADMPN_PAGO, ADMPC_ESTADO, ADMPN_COD_SERVC, ADMPN_MNT_RECAR, ADMPC_APL_PUNTO, ADMPV_CAMPANA, ADMPV_CLAVE, ADMPN_MNTDCTO)
values ('DSCREPST5PRE', '16', 'DESCUENTO REPARACION POR SERVICIO TECNICO S/.5', 105, 0, 'A', null, 0, 'T', 'MAY-11', '', null);

insert into pclub.admpt_premio (ADMPV_ID_PROCLA, ADMPV_COD_TPOPR, ADMPV_DESC, ADMPN_PUNTOS, ADMPN_PAGO, ADMPC_ESTADO, ADMPN_COD_SERVC, ADMPN_MNT_RECAR, ADMPC_APL_PUNTO, ADMPV_CAMPANA, ADMPV_CLAVE, ADMPN_MNTDCTO)
values ('DSCREPST50PRE', '16', 'DESCUENTO REPARACION POR SERVICIO TECNICO S/.50', 1055, 0, 'A', null, 0, 'T', 'MAY-11', '', null);

insert into pclub.admpt_premio (ADMPV_ID_PROCLA, ADMPV_COD_TPOPR, ADMPV_DESC, ADMPN_PUNTOS, ADMPN_PAGO, ADMPC_ESTADO, ADMPN_COD_SERVC, ADMPN_MNT_RECAR, ADMPC_APL_PUNTO, ADMPV_CAMPANA, ADMPV_CLAVE, ADMPN_MNTDCTO)
values ('DSCREPST40PRE', '16', 'DESCUENTO REPARACION POR SERVICIO TECNICO S/.40', 844, 0, 'A', null, 0, 'T', 'MAY-11', '', null);

insert into pclub.admpt_premio (ADMPV_ID_PROCLA, ADMPV_COD_TPOPR, ADMPV_DESC, ADMPN_PUNTOS, ADMPN_PAGO, ADMPC_ESTADO, ADMPN_COD_SERVC, ADMPN_MNT_RECAR, ADMPC_APL_PUNTO, ADMPV_CAMPANA, ADMPV_CLAVE, ADMPN_MNTDCTO)
values ('DSCREPST400PRE', '16', 'DESCUENTO REPARACION POR SERVICIO TECNICO S/.400', 8439, 0, 'A', null, 0, 'T', 'MAY-11', '', null);

insert into pclub.admpt_premio (ADMPV_ID_PROCLA, ADMPV_COD_TPOPR, ADMPV_DESC, ADMPN_PUNTOS, ADMPN_PAGO, ADMPC_ESTADO, ADMPN_COD_SERVC, ADMPN_MNT_RECAR, ADMPC_APL_PUNTO, ADMPV_CAMPANA, ADMPV_CLAVE, ADMPN_MNTDCTO)
values ('DSCREPST30PRE', '16', 'DESCUENTO REPARACION POR SERVICIO TECNICO S/.30', 633, 0, 'A', null, 0, 'T', 'MAY-11', '', null);

insert into pclub.admpt_premio (ADMPV_ID_PROCLA, ADMPV_COD_TPOPR, ADMPV_DESC, ADMPN_PUNTOS, ADMPN_PAGO, ADMPC_ESTADO, ADMPN_COD_SERVC, ADMPN_MNT_RECAR, ADMPC_APL_PUNTO, ADMPV_CAMPANA, ADMPV_CLAVE, ADMPN_MNTDCTO)
values ('DSCREPST300PRE', '16', 'DESCUENTO REPARACION POR SERVICIO TECNICO S/.300', 6329, 0, 'A', null, 0, 'T', 'MAY-11', '', null);

insert into pclub.admpt_premio (ADMPV_ID_PROCLA, ADMPV_COD_TPOPR, ADMPV_DESC, ADMPN_PUNTOS, ADMPN_PAGO, ADMPC_ESTADO, ADMPN_COD_SERVC, ADMPN_MNT_RECAR, ADMPC_APL_PUNTO, ADMPV_CAMPANA, ADMPV_CLAVE, ADMPN_MNTDCTO)
values ('DSCREPST20PRE', '16', 'DESCUENTO REPARACION POR SERVICIO TECNICO S/.20', 422, 0, 'A', null, 0, 'T', 'MAY-11', '', null);

insert into pclub.admpt_premio (ADMPV_ID_PROCLA, ADMPV_COD_TPOPR, ADMPV_DESC, ADMPN_PUNTOS, ADMPN_PAGO, ADMPC_ESTADO, ADMPN_COD_SERVC, ADMPN_MNT_RECAR, ADMPC_APL_PUNTO, ADMPV_CAMPANA, ADMPV_CLAVE, ADMPN_MNTDCTO)
values ('DSCREPST200PRE', '16', 'DESCUENTO REPARACION POR SERVICIO TECNICO S/.200', 4219, 0, 'A', null, 0, 'T', 'MAY-11', '', null);

insert into pclub.admpt_premio (ADMPV_ID_PROCLA, ADMPV_COD_TPOPR, ADMPV_DESC, ADMPN_PUNTOS, ADMPN_PAGO, ADMPC_ESTADO, ADMPN_COD_SERVC, ADMPN_MNT_RECAR, ADMPC_APL_PUNTO, ADMPV_CAMPANA, ADMPV_CLAVE, ADMPN_MNTDCTO)
values ('DSCREPST1PRE', '16', 'DESCUENTO REPARACION POR SERVICIO TECNICO S/.1', 21, 0, 'A', null, 0, 'T', 'MAY-11', '', null);

insert into pclub.admpt_premio (ADMPV_ID_PROCLA, ADMPV_COD_TPOPR, ADMPV_DESC, ADMPN_PUNTOS, ADMPN_PAGO, ADMPC_ESTADO, ADMPN_COD_SERVC, ADMPN_MNT_RECAR, ADMPC_APL_PUNTO, ADMPV_CAMPANA, ADMPV_CLAVE, ADMPN_MNTDCTO)
values ('DSCREPST10PRE', '16', 'DESCUENTO REPARACION POR SERVICIO TECNICO S/.10', 211, 0, 'A', null, 0, 'T', 'MAY-11', '', null);

insert into pclub.admpt_premio (ADMPV_ID_PROCLA, ADMPV_COD_TPOPR, ADMPV_DESC, ADMPN_PUNTOS, ADMPN_PAGO, ADMPC_ESTADO, ADMPN_COD_SERVC, ADMPN_MNT_RECAR, ADMPC_APL_PUNTO, ADMPV_CAMPANA, ADMPV_CLAVE, ADMPN_MNTDCTO)
values ('DSCREPST100PRE', '16', 'DESCUENTO REPARACION POR SERVICIO TECNICO S/.100', 2110, 0, 'A', null, 0, 'T', 'MAY-11', '', null);

insert into pclub.admpt_premio (ADMPV_ID_PROCLA, ADMPV_COD_TPOPR, ADMPV_DESC, ADMPN_PUNTOS, ADMPN_PAGO, ADMPC_ESTADO, ADMPN_COD_SERVC, ADMPN_MNT_RECAR, ADMPC_APL_PUNTO, ADMPV_CAMPANA, ADMPV_CLAVE, ADMPN_MNTDCTO)
values ('DSCEQSOL600PRE', '15', 'DESCUENTO EQUIPO S/.500', 12658, 0, 'A', null, 0, 'T', 'MAY-11', '', null);

insert into pclub.admpt_premio (ADMPV_ID_PROCLA, ADMPV_COD_TPOPR, ADMPV_DESC, ADMPN_PUNTOS, ADMPN_PAGO, ADMPC_ESTADO, ADMPN_COD_SERVC, ADMPN_MNT_RECAR, ADMPC_APL_PUNTO, ADMPV_CAMPANA, ADMPV_CLAVE, ADMPN_MNTDCTO)
values ('DSCEQSOL5PRE', '15', 'DESCUENTO EQUIPO S/.5', 105, 0, 'A', null, 0, 'T', 'MAY-11', '', 5);

insert into pclub.admpt_premio (ADMPV_ID_PROCLA, ADMPV_COD_TPOPR, ADMPV_DESC, ADMPN_PUNTOS, ADMPN_PAGO, ADMPC_ESTADO, ADMPN_COD_SERVC, ADMPN_MNT_RECAR, ADMPC_APL_PUNTO, ADMPV_CAMPANA, ADMPV_CLAVE, ADMPN_MNTDCTO)
values ('DSCEQSOL50PRE', '15', 'DESCUENTO EQUIPO S/.50', 1055, 0, 'A', null, 0, 'T', 'MAY-11', '', 50);

insert into pclub.admpt_premio (ADMPV_ID_PROCLA, ADMPV_COD_TPOPR, ADMPV_DESC, ADMPN_PUNTOS, ADMPN_PAGO, ADMPC_ESTADO, ADMPN_COD_SERVC, ADMPN_MNT_RECAR, ADMPC_APL_PUNTO, ADMPV_CAMPANA, ADMPV_CLAVE, ADMPN_MNTDCTO)
values ('DSCEQSOL40PRE', '15', 'DESCUENTO EQUIPO S/.40', 844, 0, 'A', null, 0, 'T', 'MAY-11', '', 40);

insert into pclub.admpt_premio (ADMPV_ID_PROCLA, ADMPV_COD_TPOPR, ADMPV_DESC, ADMPN_PUNTOS, ADMPN_PAGO, ADMPC_ESTADO, ADMPN_COD_SERVC, ADMPN_MNT_RECAR, ADMPC_APL_PUNTO, ADMPV_CAMPANA, ADMPV_CLAVE, ADMPN_MNTDCTO)
values ('DSCEQSOL400PRE', '15', 'DESCUENTO EQUIPO S/.400', 8439, 0, 'A', null, 0, 'T', 'MAY-11', '', 400);

insert into pclub.admpt_premio (ADMPV_ID_PROCLA, ADMPV_COD_TPOPR, ADMPV_DESC, ADMPN_PUNTOS, ADMPN_PAGO, ADMPC_ESTADO, ADMPN_COD_SERVC, ADMPN_MNT_RECAR, ADMPC_APL_PUNTO, ADMPV_CAMPANA, ADMPV_CLAVE, ADMPN_MNTDCTO)
values ('DSCEQSOL30PRE', '15', 'DESCUENTO EQUIPO S/.30', 633, 0, 'A', null, 0, 'T', 'MAY-11', '', 30);

insert into pclub.admpt_premio (ADMPV_ID_PROCLA, ADMPV_COD_TPOPR, ADMPV_DESC, ADMPN_PUNTOS, ADMPN_PAGO, ADMPC_ESTADO, ADMPN_COD_SERVC, ADMPN_MNT_RECAR, ADMPC_APL_PUNTO, ADMPV_CAMPANA, ADMPV_CLAVE, ADMPN_MNTDCTO)
values ('DSCEQSOL300PRE', '15', 'DESCUENTO EQUIPO S/.300', 6329, 0, 'A', null, 0, 'T', 'MAY-11', '', 300);

insert into pclub.admpt_premio (ADMPV_ID_PROCLA, ADMPV_COD_TPOPR, ADMPV_DESC, ADMPN_PUNTOS, ADMPN_PAGO, ADMPC_ESTADO, ADMPN_COD_SERVC, ADMPN_MNT_RECAR, ADMPC_APL_PUNTO, ADMPV_CAMPANA, ADMPV_CLAVE, ADMPN_MNTDCTO)
values ('DSCEQSOL20PRE', '15', 'DESCUENTO EQUIPO S/.20', 422, 0, 'A', null, 0, 'T', 'MAY-11', '', 20);

insert into pclub.admpt_premio (ADMPV_ID_PROCLA, ADMPV_COD_TPOPR, ADMPV_DESC, ADMPN_PUNTOS, ADMPN_PAGO, ADMPC_ESTADO, ADMPN_COD_SERVC, ADMPN_MNT_RECAR, ADMPC_APL_PUNTO, ADMPV_CAMPANA, ADMPV_CLAVE, ADMPN_MNTDCTO)
values ('DSCEQSOL200PRE', '15', 'DESCUENTO EQUIPO S/.200', 4219, 0, 'A', null, 0, 'T', 'MAY-11', '', 200);

insert into pclub.admpt_premio (ADMPV_ID_PROCLA, ADMPV_COD_TPOPR, ADMPV_DESC, ADMPN_PUNTOS, ADMPN_PAGO, ADMPC_ESTADO, ADMPN_COD_SERVC, ADMPN_MNT_RECAR, ADMPC_APL_PUNTO, ADMPV_CAMPANA, ADMPV_CLAVE, ADMPN_MNTDCTO)
values ('DSCEQSOL1PRE', '15', 'DESCUENTO EQUIPO S/.1', 21, 0, 'A', null, 0, 'T', 'MAY-11', '', 1);

insert into pclub.admpt_premio (ADMPV_ID_PROCLA, ADMPV_COD_TPOPR, ADMPV_DESC, ADMPN_PUNTOS, ADMPN_PAGO, ADMPC_ESTADO, ADMPN_COD_SERVC, ADMPN_MNT_RECAR, ADMPC_APL_PUNTO, ADMPV_CAMPANA, ADMPV_CLAVE, ADMPN_MNTDCTO)
values ('DSCEQSOL10PRE', '15', 'DESCUENTO EQUIPO S/.10', 211, 0, 'A', null, 0, 'T', 'MAY-11', '', 10);

insert into pclub.admpt_premio (ADMPV_ID_PROCLA, ADMPV_COD_TPOPR, ADMPV_DESC, ADMPN_PUNTOS, ADMPN_PAGO, ADMPC_ESTADO, ADMPN_COD_SERVC, ADMPN_MNT_RECAR, ADMPC_APL_PUNTO, ADMPV_CAMPANA, ADMPV_CLAVE, ADMPN_MNTDCTO)
values ('DSCEQSOL100PRE', '15', 'DESCUENTO EQUIPO S/.100', 2110, 0, 'A', null, 0, 'T', 'MAY-11', '', 100);

insert into pclub.admpt_premio (ADMPV_ID_PROCLA, ADMPV_COD_TPOPR, ADMPV_DESC, ADMPN_PUNTOS, ADMPN_PAGO, ADMPC_ESTADO, ADMPN_COD_SERVC, ADMPN_MNT_RECAR, ADMPC_APL_PUNTO, ADMPV_CAMPANA, ADMPV_CLAVE, ADMPN_MNTDCTO)
values ('DSCALTAEQ600PRE', '17', 'DESCUENTO EN EQUIPOS EN ALTAS S/.600', 12658, 0, 'A', null, 0, 'T', 'MAY-11', '', null);

insert into pclub.admpt_premio (ADMPV_ID_PROCLA, ADMPV_COD_TPOPR, ADMPV_DESC, ADMPN_PUNTOS, ADMPN_PAGO, ADMPC_ESTADO, ADMPN_COD_SERVC, ADMPN_MNT_RECAR, ADMPC_APL_PUNTO, ADMPV_CAMPANA, ADMPV_CLAVE, ADMPN_MNTDCTO)
values ('DSCALTAEQ5PRE', '17', 'DESCUENTO EN EQUIPOS EN ALTAS S/.5', 105, 0, 'A', null, 0, 'T', 'MAY-11', '', null);

insert into pclub.admpt_premio (ADMPV_ID_PROCLA, ADMPV_COD_TPOPR, ADMPV_DESC, ADMPN_PUNTOS, ADMPN_PAGO, ADMPC_ESTADO, ADMPN_COD_SERVC, ADMPN_MNT_RECAR, ADMPC_APL_PUNTO, ADMPV_CAMPANA, ADMPV_CLAVE, ADMPN_MNTDCTO)
values ('DSCALTAEQ50PRE', '17', 'DESCUENTO EN EQUIPOS EN ALTAS S/.50', 1055, 0, 'A', null, 0, 'T', 'MAY-11', '', null);

insert into pclub.admpt_premio (ADMPV_ID_PROCLA, ADMPV_COD_TPOPR, ADMPV_DESC, ADMPN_PUNTOS, ADMPN_PAGO, ADMPC_ESTADO, ADMPN_COD_SERVC, ADMPN_MNT_RECAR, ADMPC_APL_PUNTO, ADMPV_CAMPANA, ADMPV_CLAVE, ADMPN_MNTDCTO)
values ('DSCALTAEQ40PRE', '17', 'DESCUENTO EN EQUIPOS EN ALTAS S/.40', 844, 0, 'A', null, 0, 'T', 'MAY-11', '', null);

insert into pclub.admpt_premio (ADMPV_ID_PROCLA, ADMPV_COD_TPOPR, ADMPV_DESC, ADMPN_PUNTOS, ADMPN_PAGO, ADMPC_ESTADO, ADMPN_COD_SERVC, ADMPN_MNT_RECAR, ADMPC_APL_PUNTO, ADMPV_CAMPANA, ADMPV_CLAVE, ADMPN_MNTDCTO)
values ('DSCALTAEQ400PRE', '17', 'DESCUENTO EN EQUIPOS EN ALTAS S/.400', 8439, 0, 'A', null, 0, 'T', 'MAY-11', '', null);

insert into pclub.admpt_premio (ADMPV_ID_PROCLA, ADMPV_COD_TPOPR, ADMPV_DESC, ADMPN_PUNTOS, ADMPN_PAGO, ADMPC_ESTADO, ADMPN_COD_SERVC, ADMPN_MNT_RECAR, ADMPC_APL_PUNTO, ADMPV_CAMPANA, ADMPV_CLAVE, ADMPN_MNTDCTO)
values ('DSCALTAEQ30PRE', '17', 'DESCUENTO EN EQUIPOS EN ALTAS S/.30', 633, 0, 'A', null, 0, 'T', 'MAY-11', '', null);

insert into pclub.admpt_premio (ADMPV_ID_PROCLA, ADMPV_COD_TPOPR, ADMPV_DESC, ADMPN_PUNTOS, ADMPN_PAGO, ADMPC_ESTADO, ADMPN_COD_SERVC, ADMPN_MNT_RECAR, ADMPC_APL_PUNTO, ADMPV_CAMPANA, ADMPV_CLAVE, ADMPN_MNTDCTO)
values ('DSCALTAEQ300PRE', '17', 'DESCUENTO EN EQUIPOS EN ALTAS S/.300', 6329, 0, 'A', null, 0, 'T', 'MAY-11', '', null);

insert into pclub.admpt_premio (ADMPV_ID_PROCLA, ADMPV_COD_TPOPR, ADMPV_DESC, ADMPN_PUNTOS, ADMPN_PAGO, ADMPC_ESTADO, ADMPN_COD_SERVC, ADMPN_MNT_RECAR, ADMPC_APL_PUNTO, ADMPV_CAMPANA, ADMPV_CLAVE, ADMPN_MNTDCTO)
values ('DSCALTAEQ20PRE', '17', 'DESCUENTO EN EQUIPOS EN ALTAS S/.20', 422, 0, 'A', null, 0, 'T', 'MAY-11', '', null);

insert into pclub.admpt_premio (ADMPV_ID_PROCLA, ADMPV_COD_TPOPR, ADMPV_DESC, ADMPN_PUNTOS, ADMPN_PAGO, ADMPC_ESTADO, ADMPN_COD_SERVC, ADMPN_MNT_RECAR, ADMPC_APL_PUNTO, ADMPV_CAMPANA, ADMPV_CLAVE, ADMPN_MNTDCTO)
values ('DSCALTAEQ200PRE', '17', 'DESCUENTO EN EQUIPOS EN ALTAS S/.200', 4219, 0, 'A', null, 0, 'T', 'MAY-11', '', null);

insert into pclub.admpt_premio (ADMPV_ID_PROCLA, ADMPV_COD_TPOPR, ADMPV_DESC, ADMPN_PUNTOS, ADMPN_PAGO, ADMPC_ESTADO, ADMPN_COD_SERVC, ADMPN_MNT_RECAR, ADMPC_APL_PUNTO, ADMPV_CAMPANA, ADMPV_CLAVE, ADMPN_MNTDCTO)
values ('DSCALTAEQ1PRE', '17', 'DESCUENTO EN EQUIPOS EN ALTAS S/.1', 21, 0, 'A', null, 0, 'T', 'MAY-11', '', null);

insert into pclub.admpt_premio (ADMPV_ID_PROCLA, ADMPV_COD_TPOPR, ADMPV_DESC, ADMPN_PUNTOS, ADMPN_PAGO, ADMPC_ESTADO, ADMPN_COD_SERVC, ADMPN_MNT_RECAR, ADMPC_APL_PUNTO, ADMPV_CAMPANA, ADMPV_CLAVE, ADMPN_MNTDCTO)
values ('DSCALTAEQ10PRE', '17', 'DESCUENTO EN EQUIPOS EN ALTAS S/.10', 211, 0, 'A', null, 0, 'T', 'MAY-11', '', null);

insert into pclub.admpt_premio (ADMPV_ID_PROCLA, ADMPV_COD_TPOPR, ADMPV_DESC, ADMPN_PUNTOS, ADMPN_PAGO, ADMPC_ESTADO, ADMPN_COD_SERVC, ADMPN_MNT_RECAR, ADMPC_APL_PUNTO, ADMPV_CAMPANA, ADMPV_CLAVE, ADMPN_MNTDCTO)
values ('DSCALTAEQ100PRE', '17', 'DESCUENTO EN EQUIPOS EN ALTAS S/.100', 2110, 0, 'A', null, 0, 'T', 'MAY-11', '', null);

insert into pclub.admpt_premio (ADMPV_ID_PROCLA, ADMPV_COD_TPOPR, ADMPV_DESC, ADMPN_PUNTOS, ADMPN_PAGO, ADMPC_ESTADO, ADMPN_COD_SERVC, ADMPN_MNT_RECAR, ADMPC_APL_PUNTO, ADMPV_CAMPANA, ADMPV_CLAVE, ADMPN_MNTDCTO)
values ('CUPDSCTO500PRE', '18', 'Cuponera Cliente Prepago', 250, 0, 'A', null, 0, 'T', 'MAY-11', '', null);

commit;

update pclub.admpt_premio p
       set p.admpc_estado = 'B'
where p.admpv_id_procla in ('COMBMER01','COMBMER02','COMBMER03')

commit;

insert into pclub.admpt_concepto (ADMPV_COD_CPTO, ADMPV_DESC, ADMPC_ESTADO, ADMPV_NOM_ARCH, ADMPN_PER_CADU, ADMPC_TPO_PUNTO)
values ('46', 'TRANSFERENCIA PREPAGO A POSTPAGO', 'A', '', 18, 'C');

commit;
